binning_data,update_time,create_time,source_pkg_name,source_type,count,speed,distance,calorie,pkg_name,datauuid,day_time
2fab6a75-3578-4cd1-aa00-92cafeee1976.binning_data.json,2022-02-14 20:43:39.804,2022-02-14 06:59:08.322,com.sec.android.app.shealth,-2,8200,1.6150414,6518.49,279.34,com.sec.android.app.shealth,2fab6a75-3578-4cd1-aa00-92cafeee1976,1644796800000,
ed6fcb8f-bd12-4f57-92a2-c5a92e84a84d.binning_data.json,2022-02-13 20:38:07.432,2022-02-13 20:38:07.432,com.sec.android.app.shealth,0,46,1.2155591,34.81,1.6899999,com.sec.android.app.shealth,ed6fcb8f-bd12-4f57-92a2-c5a92e84a84d,1644364800000,
da1b0151-6efd-4c5c-9ffe-a6d30b57ea1b.binning_data.json,2022-02-13 20:38:07.444,2022-02-13 20:38:07.444,com.sec.android.app.shealth,-2,4049,1.5749218,3162.8699,126.46999,com.sec.android.app.shealth,da1b0151-6efd-4c5c-9ffe-a6d30b57ea1b,1644710400000,
9e1321ff-e1f4-46ba-a458-b9e4430ccf79.binning_data.json,2022-02-13 20:38:07.443,2022-02-13 20:38:07.443,com.sec.android.app.shealth,-2,46,1.2155591,34.81,1.6899999,com.sec.android.app.shealth,9e1321ff-e1f4-46ba-a458-b9e4430ccf79,1644364800000,
7f5ddee3-564b-4314-a7a8-d88c7f9245fe.binning_data.json,2022-02-13 20:38:07.721,2022-02-13 20:38:07.721,com.sec.android.app.shealth,0,4049,1.5749218,3162.8699,126.46999,com.sec.android.app.shealth,7f5ddee3-564b-4314-a7a8-d88c7f9245fe,1644710400000,
64c5da7e-f0f3-4107-87c8-28e8a9720508.binning_data.json,2022-02-15 07:04:54.308,2022-02-15 07:04:54.308,com.sec.android.app.shealth,0,8200,1.6150414,6518.49,279.34,com.sec.android.app.shealth,64c5da7e-f0f3-4107-87c8-28e8a9720508,1644796800000,
bd38f738-f8f4-4483-b625-77b8f2cc059b.binning_data.json,2022-02-15 20:30:08.733,2022-02-15 08:43:08.861,com.sec.android.app.shealth,-2,6862,1.5515815,5366.85,224.33,com.sec.android.app.shealth,bd38f738-f8f4-4483-b625-77b8f2cc059b,1644883200000,
dc810ba0-f051-4642-96fc-26305630ff4a.binning_data.json,2022-02-17 19:56:32.738,2022-02-17 07:27:17.004,com.sec.android.app.shealth,-2,7031,1.5373445,5512.48,235.97,com.sec.android.app.shealth,dc810ba0-f051-4642-96fc-26305630ff4a,1645056000000,
2435166c-d73c-48a1-b0ae-5c5a2c4f86d7.binning_data.json,2022-02-16 20:35:02.575,2022-02-16 07:47:40.639,com.sec.android.app.shealth,-2,9037,1.5045344,7004.9,300.17,com.sec.android.app.shealth,2435166c-d73c-48a1-b0ae-5c5a2c4f86d7,1644969600000,
5a8d5b5a-35e1-4ad3-8003-8af7c73d579c.binning_data.json,2022-02-16 07:27:50.961,2022-02-16 07:27:50.961,com.sec.android.app.shealth,0,6862,1.5515815,5366.85,224.33,com.sec.android.app.shealth,5a8d5b5a-35e1-4ad3-8003-8af7c73d579c,1644883200000,
f2391bf3-380d-454c-8568-5e4d891fcb64.binning_data.json,2022-02-17 07:22:38.839,2022-02-17 07:22:38.839,com.sec.android.app.shealth,0,9037,1.5045344,7004.9,300.17,com.sec.android.app.shealth,f2391bf3-380d-454c-8568-5e4d891fcb64,1644969600000,
dd89c58d-e6e3-47c8-8532-4dac149aaba2.binning_data.json,2022-02-18 20:15:36.787,2022-02-18 07:40:59.871,com.sec.android.app.shealth,-2,4724,1.5602709,3680.69,151.86,com.sec.android.app.shealth,dd89c58d-e6e3-47c8-8532-4dac149aaba2,1645142400000,
2058aacf-ae1d-4790-bccd-f393484daeec.binning_data.json,2022-02-18 06:12:21.227,2022-02-18 06:12:21.227,com.sec.android.app.shealth,0,7031,1.5373445,5512.48,235.97,com.sec.android.app.shealth,2058aacf-ae1d-4790-bccd-f393484daeec,1645056000000,
4c3c8b69-59d2-4706-a601-9bcb1f2d0222.binning_data.json,2022-02-20 19:38:30.956,2022-02-20 08:36:56.906,com.sec.android.app.shealth,-2,4324,1.5532112,3391.02,144.55,com.sec.android.app.shealth,4c3c8b69-59d2-4706-a601-9bcb1f2d0222,1645315200000,
c374a6dc-d38f-45b8-98f4-fc24f241be64.binning_data.json,2022-02-20 07:49:01.486,2022-02-19 07:37:21.216,com.sec.android.app.shealth,-2,8727,1.4458039,6713.73,300.81,com.sec.android.app.shealth,c374a6dc-d38f-45b8-98f4-fc24f241be64,1645228800000,
096478ad-b37b-411b-9c93-6979b0d66e7f.binning_data.json,2022-02-19 00:27:24.710,2022-02-19 00:27:24.710,com.sec.android.app.shealth,0,4724,1.5602709,3680.69,151.86,com.sec.android.app.shealth,096478ad-b37b-411b-9c93-6979b0d66e7f,1645142400000,
11c98aa3-685f-43c7-9a85-b31e92b13b87.binning_data.json,2022-02-21 19:51:29.013,2022-02-21 06:53:04.789,com.sec.android.app.shealth,-2,4453,1.5185236,3476.6,149.42,com.sec.android.app.shealth,11c98aa3-685f-43c7-9a85-b31e92b13b87,1645401600000,
b7fab47e-ebf2-4716-a558-b52954b2dfe4.binning_data.json,2022-02-23 20:23:50.672,2022-02-23 06:55:15.679,com.sec.android.app.shealth,-2,7302,1.5608817,5733.3,238.93,com.sec.android.app.shealth,b7fab47e-ebf2-4716-a558-b52954b2dfe4,1645574400000,
8fefed31-08e1-41bb-a907-c2e8feb6c719.binning_data.json,2022-02-21 06:23:56.685,2022-02-21 06:23:56.685,com.sec.android.app.shealth,0,4324,1.5532112,3391.02,144.55,com.sec.android.app.shealth,8fefed31-08e1-41bb-a907-c2e8feb6c719,1645315200000,
c8cf5a80-3efd-40e8-9496-6a413db525e1.binning_data.json,2022-02-20 07:48:56.504,2022-02-20 07:48:56.504,com.sec.android.app.shealth,0,8727,1.4458039,6713.73,300.81,com.sec.android.app.shealth,c8cf5a80-3efd-40e8-9496-6a413db525e1,1645228800000,
a9460b88-b1be-4740-8e65-35a4ca3b9418.binning_data.json,2022-02-22 20:00:59.766,2022-02-22 07:29:48.968,com.sec.android.app.shealth,-2,8980,1.5720311,7047.08,292.4,com.sec.android.app.shealth,a9460b88-b1be-4740-8e65-35a4ca3b9418,1645488000000,
b149c446-1427-4d98-9838-6e1b24aa32f4.binning_data.json,2022-02-22 07:24:49.604,2022-02-22 07:24:49.604,com.sec.android.app.shealth,0,4453,1.5185236,3476.6,149.42,com.sec.android.app.shealth,b149c446-1427-4d98-9838-6e1b24aa32f4,1645401600000,
f98ff3a0-0f5b-438f-b9dd-04db14a66a8f.binning_data.json,2022-02-24 20:11:53.502,2022-02-24 07:32:37.971,com.sec.android.app.shealth,-2,9671,1.5970293,7615.39,312.55,com.sec.android.app.shealth,f98ff3a0-0f5b-438f-b9dd-04db14a66a8f,1645660800000,
cb139216-cd6c-4a94-931f-7be0b8ee84b2.binning_data.json,2022-02-24 06:49:14.371,2022-02-24 06:49:14.371,com.sec.android.app.shealth,0,7302,1.5608817,5733.3,238.93,com.sec.android.app.shealth,cb139216-cd6c-4a94-931f-7be0b8ee84b2,1645574400000,
addcb3ef-7632-4e0a-8382-cc04f38f6800.binning_data.json,2022-02-26 20:28:08.150,2022-02-26 07:17:58.065,com.sec.android.app.shealth,-2,7694,1.5120311,6012.62,257.57,com.sec.android.app.shealth,addcb3ef-7632-4e0a-8382-cc04f38f6800,1645833600000,
f0dd0662-034d-48ee-b6a5-f869c71cf441.binning_data.json,2022-02-23 06:52:38.798,2022-02-23 06:52:38.798,com.sec.android.app.shealth,0,8980,1.5720311,7047.08,292.4,com.sec.android.app.shealth,f0dd0662-034d-48ee-b6a5-f869c71cf441,1645488000000,
65b7750d-e35b-4397-a13e-61605d8350c1.binning_data.json,2022-02-25 20:17:11.663,2022-02-25 06:57:33.146,com.sec.android.app.shealth,-2,7051,1.5744573,5578.02,236.63,com.sec.android.app.shealth,65b7750d-e35b-4397-a13e-61605d8350c1,1645747200000,
aeab50c5-10af-48b8-a664-03593210bc6b.binning_data.json,2022-02-27 19:58:39.536,2022-02-27 07:57:14.556,com.sec.android.app.shealth,-2,3152,1.555432,2495.77,109.07,com.sec.android.app.shealth,aeab50c5-10af-48b8-a664-03593210bc6b,1645920000000,
3c454f9e-491a-4edc-ba2d-e1c5890995ea.binning_data.json,2022-02-25 06:57:25.855,2022-02-25 06:57:25.855,com.sec.android.app.shealth,0,9671,1.5970293,7615.39,312.55,com.sec.android.app.shealth,3c454f9e-491a-4edc-ba2d-e1c5890995ea,1645660800000,
dd4fcebc-ae1e-4ac6-ac9f-1e3feb760d3c.binning_data.json,2022-03-01 20:18:56.947,2022-03-01 07:36:50.281,com.sec.android.app.shealth,-2,7565,1.5586493,5914.39,247.19,com.sec.android.app.shealth,dd4fcebc-ae1e-4ac6-ac9f-1e3feb760d3c,1646092800000,
b281df14-cefb-4b9e-be09-62f16021b3cc.binning_data.json,2022-02-27 07:43:32.100,2022-02-27 07:43:32.100,com.sec.android.app.shealth,0,7694,1.5120311,6012.62,257.57,com.sec.android.app.shealth,b281df14-cefb-4b9e-be09-62f16021b3cc,1645833600000,
ef4258dd-aca7-4d7d-9e30-5219c1bc3181.binning_data.json,2022-02-28 20:01:44.171,2022-02-27 23:36:22.604,com.sec.android.app.shealth,-2,6482,1.5489204,5105.79,224.04,com.sec.android.app.shealth,ef4258dd-aca7-4d7d-9e30-5219c1bc3181,1646006400000,
2e98b13d-cf77-4e0b-9aae-b8a60c75335b.binning_data.json,2022-02-26 06:49:21.859,2022-02-26 06:49:21.859,com.sec.android.app.shealth,0,7051,1.5744573,5578.02,236.63,com.sec.android.app.shealth,2e98b13d-cf77-4e0b-9aae-b8a60c75335b,1645747200000,
981fade5-897f-4b55-93b3-1e196f32549e.binning_data.json,2022-03-02 20:05:57.878,2022-03-02 06:45:26.367,com.sec.android.app.shealth,-2,7669,1.5140814,5966.76,255.02,com.sec.android.app.shealth,981fade5-897f-4b55-93b3-1e196f32549e,1646179200000,
6ae0a942-6b66-43a6-bab5-a19d084ee7f8.binning_data.json,2022-03-02 06:38:06.109,2022-03-02 06:38:06.109,com.sec.android.app.shealth,0,7565,1.5586493,5914.39,247.19,com.sec.android.app.shealth,6ae0a942-6b66-43a6-bab5-a19d084ee7f8,1646092800000,
f7e6c184-d86e-4081-937b-18b5b14bfe28.binning_data.json,2022-03-05 20:36:37.989,2022-03-05 07:10:03.307,com.sec.android.app.shealth,-2,10536,1.4486836,8111.96,367.07,com.sec.android.app.shealth,f7e6c184-d86e-4081-937b-18b5b14bfe28,1646438400000,
b4b8003e-e7e0-4dc8-92c2-217663adf4f3.binning_data.json,2022-02-27 23:00:01.642,2022-02-27 23:00:01.642,com.sec.android.app.shealth,0,3152,1.555432,2495.77,109.07,com.sec.android.app.shealth,b4b8003e-e7e0-4dc8-92c2-217663adf4f3,1645920000000,
9c2ed7e8-a385-49a0-aa56-7b66bbbd7ded.binning_data.json,2022-03-04 20:17:18.777,2022-03-04 07:00:00.977,com.sec.android.app.shealth,-2,6504,1.5411987,5081.72,212.3,com.sec.android.app.shealth,9c2ed7e8-a385-49a0-aa56-7b66bbbd7ded,1646352000000,
5e13224a-b54a-4913-aaba-a6d2f48d35e7.binning_data.json,2022-03-01 07:15:57.370,2022-03-01 07:15:57.370,com.sec.android.app.shealth,0,6482,1.5489204,5105.79,224.04,com.sec.android.app.shealth,5e13224a-b54a-4913-aaba-a6d2f48d35e7,1646006400000,
836ed2ee-31cb-421c-8b9f-ca5906740f9d.binning_data.json,2022-03-03 21:15:38.361,2022-03-03 08:17:52.211,com.sec.android.app.shealth,-2,3215,1.4754596,2495.21,111.71,com.sec.android.app.shealth,836ed2ee-31cb-421c-8b9f-ca5906740f9d,1646265600000,
684f8d61-6ad9-4bce-a8a0-6b0adcd34d43.binning_data.json,2022-03-05 07:09:59.452,2022-03-05 07:09:59.452,com.sec.android.app.shealth,0,6504,1.5411987,5081.72,212.3,com.sec.android.app.shealth,684f8d61-6ad9-4bce-a8a0-6b0adcd34d43,1646352000000,
573edf79-4e74-463c-8680-dcbb60880a84.binning_data.json,2022-03-08 20:16:10.082,2022-03-08 06:32:11.113,com.sec.android.app.shealth,-2,10566,1.6426047,8413.78,350.45,com.sec.android.app.shealth,573edf79-4e74-463c-8680-dcbb60880a84,1646697600000,
f7143738-cf1b-40c5-af52-064e038d6693.binning_data.json,2022-03-03 07:06:42.616,2022-03-03 07:06:42.616,com.sec.android.app.shealth,0,7669,1.5140814,5966.76,255.02,com.sec.android.app.shealth,f7143738-cf1b-40c5-af52-064e038d6693,1646179200000,
17e27256-3cfc-4509-97a3-56d187dcbf0a.binning_data.json,2022-03-07 20:01:22.241,2022-03-07 07:01:08.813,com.sec.android.app.shealth,-2,3612,1.5519723,2846.9,122.74999,com.sec.android.app.shealth,17e27256-3cfc-4509-97a3-56d187dcbf0a,1646611200000,
34ef20ae-6ee7-4448-a6e8-70ff75cfd2a9.binning_data.json,2022-03-08 06:24:58.562,2022-03-08 06:24:58.562,com.sec.android.app.shealth,0,3612,1.5519723,2846.9,122.74999,com.sec.android.app.shealth,34ef20ae-6ee7-4448-a6e8-70ff75cfd2a9,1646611200000,
e58dedea-f9ef-4a36-aa63-4e80692181cd.binning_data.json,2022-03-06 20:15:44.381,2022-03-06 07:30:57.763,com.sec.android.app.shealth,-2,5539,1.4514693,4268.96,187.03,com.sec.android.app.shealth,e58dedea-f9ef-4a36-aa63-4e80692181cd,1646524800000,
5d204708-18f3-468d-9a18-4fba4a922812.binning_data.json,2022-03-03 23:12:14.285,2022-03-03 23:12:14.285,com.sec.android.app.shealth,0,3215,1.4754596,2495.21,111.71,com.sec.android.app.shealth,5d204708-18f3-468d-9a18-4fba4a922812,1646265600000,
4d6a2070-a04f-450e-bdb5-49120f8577d2.binning_data.json,2022-03-11 21:30:13.488,2022-03-11 06:59:13.018,com.sec.android.app.shealth,-2,9845,1.4803209,7616.49,330.43,com.sec.android.app.shealth,4d6a2070-a04f-450e-bdb5-49120f8577d2,1646956800000,
a53d0acc-8492-4a90-8d22-2a9b13c0bc78.binning_data.json,2022-03-09 18:00:31.130,2022-03-09 07:54:56.881,com.sec.android.app.shealth,-2,3087,1.4812994,2414.19,108.82,com.sec.android.app.shealth,a53d0acc-8492-4a90-8d22-2a9b13c0bc78,1646784000000,
80a63a19-db3e-4a3e-a293-9b41c85b22d5.binning_data.json,2022-03-06 07:30:21.102,2022-03-06 07:30:21.102,com.sec.android.app.shealth,0,10536,1.4486836,8111.96,367.07,com.sec.android.app.shealth,80a63a19-db3e-4a3e-a293-9b41c85b22d5,1646438400000,
18629fa8-9399-422a-b81a-516c69098049.binning_data.json,2022-03-11 06:58:12.354,2022-03-11 06:58:12.354,com.sec.android.app.shealth,0,7518,1.5083793,5874.51,251.51,com.sec.android.app.shealth,18629fa8-9399-422a-b81a-516c69098049,1646870400000,
867d5140-28b5-4f46-b0e2-ce683be1de65.binning_data.json,2022-03-10 20:26:24.175,2022-03-10 06:45:01.229,com.sec.android.app.shealth,-2,7518,1.5083793,5874.51,251.51,com.sec.android.app.shealth,867d5140-28b5-4f46-b0e2-ce683be1de65,1646870400000,
a5a3b0ff-0fbb-4949-973d-aacf182dcf3e.binning_data.json,2022-03-14 20:08:28.051,2022-03-14 06:35:02.259,com.sec.android.app.shealth,-2,8369,1.449814,6478.75,288.88,com.sec.android.app.shealth,a5a3b0ff-0fbb-4949-973d-aacf182dcf3e,1647216000000,
c02f2a40-65f1-4f36-a2e2-1d6b4a4f2e97.binning_data.json,2022-03-09 07:50:55.804,2022-03-09 07:50:55.804,com.sec.android.app.shealth,0,10566,1.6426047,8413.78,350.45,com.sec.android.app.shealth,c02f2a40-65f1-4f36-a2e2-1d6b4a4f2e97,1646697600000,
6c3e6aa7-a032-4d41-9105-fe0a61c0dc5f.binning_data.json,2022-03-13 20:55:57.125,2022-03-13 14:30:53.693,com.sec.android.app.shealth,-2,4643,1.4958987,3588.69,149.97,com.sec.android.app.shealth,6c3e6aa7-a032-4d41-9105-fe0a61c0dc5f,1647129600000,
81e41367-f203-4df4-a1c3-c5a9f0ae9333.binning_data.json,2022-03-07 06:53:48.887,2022-03-07 06:53:48.887,com.sec.android.app.shealth,0,5539,1.4514693,4268.96,187.03,com.sec.android.app.shealth,81e41367-f203-4df4-a1c3-c5a9f0ae9333,1646524800000,
a1e49e39-7809-46dd-8100-16fd59a9827b.binning_data.json,2022-03-12 07:09:30.896,2022-03-12 07:09:30.896,com.sec.android.app.shealth,0,9845,1.4803209,7616.49,330.43,com.sec.android.app.shealth,a1e49e39-7809-46dd-8100-16fd59a9827b,1646956800000,
0ade75a1-ca1f-45b8-a38c-deb2d83adcb7.binning_data.json,2022-03-17 20:17:56.390,2022-03-17 07:30:02.257,com.sec.android.app.shealth,-2,7112,1.5149877,5536.58,239.1,com.sec.android.app.shealth,0ade75a1-ca1f-45b8-a38c-deb2d83adcb7,1647475200000,
84031242-c001-459a-8801-f8de192e50fd.binning_data.json,2022-03-12 21:19:10.039,2022-03-12 08:20:32.486,com.sec.android.app.shealth,-2,5050,1.4496734,3897.5,172.81,com.sec.android.app.shealth,84031242-c001-459a-8801-f8de192e50fd,1647043200000,
c1c63327-04dd-442d-8628-0951648d2dd8.binning_data.json,2022-03-16 20:24:16.030,2022-03-16 06:42:35.307,com.sec.android.app.shealth,-2,9280,1.5353444,7264.98,310.19,com.sec.android.app.shealth,c1c63327-04dd-442d-8628-0951648d2dd8,1647388800000,
4d002265-1936-4d2b-a111-8e9ec275b64b.binning_data.json,2022-03-27 07:07:45.759,2022-03-20 14:16:36.586,com.sec.android.app.shealth,-2,5820,1.4668372,4488.88,199.38,com.sec.android.app.shealth,4d002265-1936-4d2b-a111-8e9ec275b64b,1647734400000,
d14aa37d-feb2-4f31-9253-aa1afa4bb932.binning_data.json,2022-03-10 06:44:11.369,2022-03-10 06:44:11.369,com.sec.android.app.shealth,0,3087,1.4812994,2414.19,108.82,com.sec.android.app.shealth,d14aa37d-feb2-4f31-9253-aa1afa4bb932,1646784000000,
89b3be18-79ba-4beb-86fe-28366d63343b.binning_data.json,2022-03-13 23:06:23.070,2022-03-13 23:06:23.070,com.sec.android.app.shealth,0,4643,1.4958987,3588.69,149.97,com.sec.android.app.shealth,89b3be18-79ba-4beb-86fe-28366d63343b,1647129600000,
2846d7d8-790c-4276-9144-344c42db8ca9.binning_data.json,2022-03-14 23:00:38.940,2022-03-14 23:00:38.940,com.sec.android.app.shealth,0,8369,1.449814,6478.75,288.88,com.sec.android.app.shealth,2846d7d8-790c-4276-9144-344c42db8ca9,1647216000000,
1f39fcd5-1eda-4194-bc69-589c3b2ac3d0.binning_data.json,2022-03-19 20:58:53.974,2022-03-19 07:15:01.259,com.sec.android.app.shealth,-2,11976,1.4234275,9171.91,425.25998,com.sec.android.app.shealth,1f39fcd5-1eda-4194-bc69-589c3b2ac3d0,1647648000000,
95c9e0ba-a48f-4dda-8684-98fdf3277930.binning_data.json,2022-03-15 20:46:36.727,2022-03-15 06:46:36.850,com.sec.android.app.shealth,-2,8560,1.5226074,6651.38,279.73,com.sec.android.app.shealth,95c9e0ba-a48f-4dda-8684-98fdf3277930,1647302400000,
5b169eb7-d18f-40ba-a7b8-4e61fff0e3ee.binning_data.json,2022-03-30 06:03:35.802,2022-03-23 05:55:24.059,com.sec.android.app.shealth,-2,9067,1.4964935,7044.15,303.39,com.sec.android.app.shealth,5b169eb7-d18f-40ba-a7b8-4e61fff0e3ee,1647993600000,
8eae14fb-0b0b-4ee1-b107-c18b48ad55bb.binning_data.json,2022-03-12 23:00:02.064,2022-03-12 23:00:02.064,com.sec.android.app.shealth,0,5050,1.4496734,3897.5,172.81,com.sec.android.app.shealth,8eae14fb-0b0b-4ee1-b107-c18b48ad55bb,1647043200000,
2a69b86b-0038-47c7-a693-dfd6763d86b3.binning_data.json,2022-03-18 07:14:31.969,2022-03-18 07:14:31.969,com.sec.android.app.shealth,0,7112,1.5149877,5536.58,239.1,com.sec.android.app.shealth,2a69b86b-0038-47c7-a693-dfd6763d86b3,1647475200000,
10fa9855-43e4-45f5-83af-23d1f5a58ec6.binning_data.json,2022-03-17 07:02:44.194,2022-03-17 07:02:44.194,com.sec.android.app.shealth,0,9280,1.5353444,7264.98,310.19,com.sec.android.app.shealth,10fa9855-43e4-45f5-83af-23d1f5a58ec6,1647388800000,
b14bcec4-dac4-46f6-b25d-893fbc88fd0e.binning_data.json,2022-03-29 06:24:42.194,2022-03-22 07:20:48.878,com.sec.android.app.shealth,-2,6343,1.4765214,4922.63,216.63,com.sec.android.app.shealth,b14bcec4-dac4-46f6-b25d-893fbc88fd0e,1647907200000,
52bd6d95-ab28-48f7-bc98-a69610934c87.binning_data.json,2022-03-18 20:39:18.526,2022-03-18 07:16:46.737,com.sec.android.app.shealth,-2,6424,1.4657626,4974.96,230.08,com.sec.android.app.shealth,52bd6d95-ab28-48f7-bc98-a69610934c87,1647561600000,
cd5edba3-e8b0-49f8-a718-9c4593b2cff0.binning_data.json,2022-03-16 06:41:20.940,2022-03-16 06:41:20.940,com.sec.android.app.shealth,0,8560,1.5226074,6651.38,279.73,com.sec.android.app.shealth,cd5edba3-e8b0-49f8-a718-9c4593b2cff0,1647302400000,
7f811633-9fea-4c6d-99d0-7f77f9fd7c5f.binning_data.json,2022-03-20 08:04:35.550,2022-03-20 08:04:35.550,com.sec.android.app.shealth,0,11976,1.4234275,9171.91,425.25998,com.sec.android.app.shealth,7f811633-9fea-4c6d-99d0-7f77f9fd7c5f,1647648000000,
6df3ccea-d259-45ad-a103-4c39770273b5.binning_data.json,2022-03-28 04:48:38.543,2022-03-21 07:28:46.767,com.sec.android.app.shealth,-2,7644,1.5259602,5991.7,257.78,com.sec.android.app.shealth,6df3ccea-d259-45ad-a103-4c39770273b5,1647820800000,
5d634d30-9b0c-4190-ac02-289583bd47f0.binning_data.json,2022-04-02 06:18:00.844,2022-03-26 07:43:14.593,com.sec.android.app.shealth,-2,9365,1.4949478,7264.62,309.95,com.sec.android.app.shealth,5d634d30-9b0c-4190-ac02-289583bd47f0,1648252800000,
644039f6-5a05-4c24-a82f-0e84bb36b848.binning_data.json,2022-03-18 23:39:59.361,2022-03-18 23:39:59.361,com.sec.android.app.shealth,0,6424,1.4657626,4974.96,230.08,com.sec.android.app.shealth,644039f6-5a05-4c24-a82f-0e84bb36b848,1647561600000,
93221c60-5800-48d6-a84c-d67dfa5d0144.binning_data.json,2022-03-23 05:51:33.358,2022-03-23 05:51:33.358,com.sec.android.app.shealth,0,6343,1.4765214,4922.63,216.63,com.sec.android.app.shealth,93221c60-5800-48d6-a84c-d67dfa5d0144,1647907200000,
5e9b09d3-5c35-461c-aa2c-2eb9673daab3.binning_data.json,2022-04-01 06:04:09.717,2022-03-25 06:57:15.897,com.sec.android.app.shealth,-2,6889,1.4838933,5322.96,229.75,com.sec.android.app.shealth,5e9b09d3-5c35-461c-aa2c-2eb9673daab3,1648166400000,
c626471e-1d11-4c51-ab07-e40d5f4e40f2.binning_data.json,2022-03-21 07:27:01.960,2022-03-21 07:27:01.960,com.sec.android.app.shealth,0,5820,1.4668372,4488.88,199.38,com.sec.android.app.shealth,c626471e-1d11-4c51-ab07-e40d5f4e40f2,1647734400000,
45fb3603-8154-46b3-a13e-e4dcc70883f8.binning_data.json,2022-03-29 19:21:57.253,2022-03-29 06:27:09.200,com.sec.android.app.shealth,-2,9946,1.4603598,7712.61,355.12,com.sec.android.app.shealth,45fb3603-8154-46b3-a13e-e4dcc70883f8,1648512000000,
95754736-1854-49fb-a057-f037791aa2a0.binning_data.json,2022-03-31 06:30:44.778,2022-03-24 07:15:06.421,com.sec.android.app.shealth,-2,8329,1.4634885,6479.79,289.37,com.sec.android.app.shealth,95754736-1854-49fb-a057-f037791aa2a0,1648080000000,
37f6cb42-350b-4612-8a60-baef4245485c.binning_data.json,2022-03-22 07:04:24.592,2022-03-22 07:04:24.592,com.sec.android.app.shealth,0,7644,1.5259602,5991.7,257.78,com.sec.android.app.shealth,37f6cb42-350b-4612-8a60-baef4245485c,1647820800000,
5961d43f-182c-4224-b18a-241fbb26cd17.binning_data.json,2022-03-28 19:46:46.315,2022-03-28 05:37:16.017,com.sec.android.app.shealth,-2,8499,1.4759846,6588.83,287.19,com.sec.android.app.shealth,5961d43f-182c-4224-b18a-241fbb26cd17,1648425600000,
82f8cc74-2fae-421d-818e-1500358d4156.binning_data.json,2022-04-01 19:17:33.440,2022-04-01 06:30:19.252,com.sec.android.app.shealth,-2,1501,1.6148767,1204.14,53.679996,com.sec.android.app.shealth,82f8cc74-2fae-421d-818e-1500358d4156,1648771200000,
d2ad1126-7f30-4f11-b8fe-1e25d0664e5b.binning_data.json,2022-03-24 07:04:52.818,2022-03-24 07:04:52.818,com.sec.android.app.shealth,0,9067,1.4964935,7044.15,303.39,com.sec.android.app.shealth,d2ad1126-7f30-4f11-b8fe-1e25d0664e5b,1647993600000,
0673cdda-ab23-403c-a7fd-67f463502011.binning_data.json,2022-03-26 07:19:00.433,2022-03-26 07:19:00.433,com.sec.android.app.shealth,0,6889,1.4838933,5322.96,229.75,com.sec.android.app.shealth,0673cdda-ab23-403c-a7fd-67f463502011,1648166400000,
61412abb-5041-4540-b1db-8582a36d47de.binning_data.json,2022-03-24 23:14:36.943,2022-03-24 23:14:36.943,com.sec.android.app.shealth,0,8329,1.4634885,6479.79,289.37,com.sec.android.app.shealth,61412abb-5041-4540-b1db-8582a36d47de,1648080000000,
1484bbe5-3f19-47f3-a781-09baea473f1d.binning_data.json,2022-03-31 19:27:35.176,2022-03-31 06:31:32.016,com.sec.android.app.shealth,-2,6796,1.5366479,5316.66,225.51,com.sec.android.app.shealth,1484bbe5-3f19-47f3-a781-09baea473f1d,1648684800000,
fefcb8f5-321f-4499-a5d9-33b902c0e35d.binning_data.json,2022-03-27 07:07:44.139,2022-03-27 07:07:44.139,com.sec.android.app.shealth,0,9365,1.4949478,7264.62,309.95,com.sec.android.app.shealth,fefcb8f5-321f-4499-a5d9-33b902c0e35d,1648252800000,
5aff3afc-b73c-4954-b81f-f5f625c783cb.binning_data.json,2022-03-27 18:55:54.736,2022-03-27 07:09:30.621,com.sec.android.app.shealth,-2,7236,1.4821109,5607.5,248.86,com.sec.android.app.shealth,5aff3afc-b73c-4954-b81f-f5f625c783cb,1648339200000,
93010fe3-7f26-402d-a27a-24f9be7b97ae.binning_data.json,2022-04-04 18:56:34.750,2022-04-04 05:55:40.356,com.sec.android.app.shealth,-2,7458,1.527759,5808.45,246.03,com.sec.android.app.shealth,93010fe3-7f26-402d-a27a-24f9be7b97ae,1649030400000,
18beefd9-f98e-488a-a805-bce80c83657f.binning_data.json,2022-03-28 04:48:37.445,2022-03-28 04:48:37.445,com.sec.android.app.shealth,0,7236,1.4821109,5607.5,248.86,com.sec.android.app.shealth,18beefd9-f98e-488a-a805-bce80c83657f,1648339200000,
04f7b589-77ae-42f4-bd84-b1f7abd841ac.binning_data.json,2022-03-29 06:24:41.085,2022-03-29 06:24:41.085,com.sec.android.app.shealth,0,8499,1.4759846,6588.83,287.19,com.sec.android.app.shealth,04f7b589-77ae-42f4-bd84-b1f7abd841ac,1648425600000,
871df1c2-2bc6-460f-be1a-e16164340e3f.binning_data.json,2022-04-03 19:14:56.188,2022-04-03 08:49:43.654,com.sec.android.app.shealth,-2,5104,1.5075332,3953.48,166.81,com.sec.android.app.shealth,871df1c2-2bc6-460f-be1a-e16164340e3f,1648944000000,
56ccd9b3-7a08-4f7e-85c4-6b075a7f4b78.binning_data.json,2022-03-30 06:03:34.652,2022-03-30 06:03:34.652,com.sec.android.app.shealth,0,9946,1.4603598,7712.61,355.12,com.sec.android.app.shealth,56ccd9b3-7a08-4f7e-85c4-6b075a7f4b78,1648512000000,
929699b4-4ae5-4cd0-8279-6dca1b649d20.binning_data.json,2022-04-01 06:04:08.713,2022-04-01 06:04:08.713,com.sec.android.app.shealth,0,6796,1.5366479,5316.66,225.51,com.sec.android.app.shealth,929699b4-4ae5-4cd0-8279-6dca1b649d20,1648684800000,
a3d55f80-312a-40cd-9ff4-c0e54e84c24f.binning_data.json,2022-03-30 19:08:24.276,2022-03-30 06:12:45.061,com.sec.android.app.shealth,-2,7614,1.445587,5862.22,259.82,com.sec.android.app.shealth,a3d55f80-312a-40cd-9ff4-c0e54e84c24f,1648598400000,
6037cba9-e240-41cb-89e8-eb3e362d5bb5.binning_data.json,2022-04-06 19:55:07.512,2022-04-06 06:36:56.879,com.sec.android.app.shealth,-2,8731,1.5104705,6807.99,292.3,com.sec.android.app.shealth,6037cba9-e240-41cb-89e8-eb3e362d5bb5,1649203200000,
012d80a2-9334-4817-a840-1806b96b5484.binning_data.json,2022-04-07 19:20:01.449,2022-04-07 06:05:44.140,com.sec.android.app.shealth,-2,8385,1.4631833,6481.4893,286.34998,com.sec.android.app.shealth,012d80a2-9334-4817-a840-1806b96b5484,1649289600000,
85cacf84-7d27-4c4d-8acc-2ca2872fbbbb.binning_data.json,2022-03-31 06:30:43.652,2022-03-31 06:30:43.652,com.sec.android.app.shealth,0,7614,1.445587,5862.22,259.82,com.sec.android.app.shealth,85cacf84-7d27-4c4d-8acc-2ca2872fbbbb,1648598400000,
7d0663c6-d2cd-4cca-b14d-8354c9743d73.binning_data.json,2022-04-02 06:17:59.637,2022-04-02 06:17:59.637,com.sec.android.app.shealth,0,1501,1.6148767,1204.14,53.679996,com.sec.android.app.shealth,7d0663c6-d2cd-4cca-b14d-8354c9743d73,1648771200000,
54243d0a-6ef7-4f71-9693-d544c94c6f9d.binning_data.json,2022-04-02 19:15:42.785,2022-04-02 07:57:36.590,com.sec.android.app.shealth,-2,10762,1.4809419,8327.66,368.03,com.sec.android.app.shealth,54243d0a-6ef7-4f71-9693-d544c94c6f9d,1648857600000,
d59d98bd-2f7a-45f0-adbc-0e5b4bb3a4b3.binning_data.json,2022-04-03 22:00:02.376,2022-04-03 22:00:02.376,com.sec.android.app.shealth,0,5104,1.5075332,3953.48,166.81,com.sec.android.app.shealth,d59d98bd-2f7a-45f0-adbc-0e5b4bb3a4b3,1648944000000,
b2814f45-ef6c-467a-a4c4-e8014be8a236.binning_data.json,2022-04-10 19:18:16.041,2022-04-10 08:27:55.293,com.sec.android.app.shealth,-2,8222,1.4794705,6378.41,286.52,com.sec.android.app.shealth,b2814f45-ef6c-467a-a4c4-e8014be8a236,1649548800000,
443da263-96b8-4562-a778-fea68335d778.binning_data.json,2022-04-03 07:32:56.608,2022-04-03 07:32:56.608,com.sec.android.app.shealth,0,10762,1.4809419,8327.66,368.03,com.sec.android.app.shealth,443da263-96b8-4562-a778-fea68335d778,1648857600000,
849aca05-a3c8-4aeb-a247-0a377b63971f.binning_data.json,2022-04-05 19:18:16.328,2022-04-05 06:25:27.264,com.sec.android.app.shealth,-2,9221,1.5086169,7180.48,316.43,com.sec.android.app.shealth,849aca05-a3c8-4aeb-a247-0a377b63971f,1649116800000,
f1c5b17f-9d98-422c-a2cd-be489debbfeb.binning_data.json,2022-04-05 06:19:04.469,2022-04-05 06:19:04.469,com.sec.android.app.shealth,0,7458,1.527759,5808.45,246.03,com.sec.android.app.shealth,f1c5b17f-9d98-422c-a2cd-be489debbfeb,1649030400000,
d8e02414-f840-4ec3-81b6-8297fe0e581d.binning_data.json,2022-04-09 19:37:16.271,2022-04-09 06:46:34.729,com.sec.android.app.shealth,-2,6803,1.4886626,5270.05,230.02,com.sec.android.app.shealth,d8e02414-f840-4ec3-81b6-8297fe0e581d,1649462400000,
9abfe2ce-7f61-4bad-89ea-6e082d42a40f.binning_data.json,2022-04-06 05:39:43.489,2022-04-06 05:39:43.489,com.sec.android.app.shealth,0,9221,1.5086169,7180.48,316.43,com.sec.android.app.shealth,9abfe2ce-7f61-4bad-89ea-6e082d42a40f,1649116800000,
d1789980-c7f9-4cd5-9ed0-29c7a2b5896e.binning_data.json,2022-04-07 05:59:53.942,2022-04-07 05:59:53.942,com.sec.android.app.shealth,0,8731,1.5104705,6807.99,292.3,com.sec.android.app.shealth,d1789980-c7f9-4cd5-9ed0-29c7a2b5896e,1649203200000,
90debd9c-6084-454f-8978-0a28620f66ed.binning_data.json,2022-04-08 19:12:44.820,2022-04-08 07:15:17.619,com.sec.android.app.shealth,-2,6847,1.4377257,5274.7,241.62,com.sec.android.app.shealth,90debd9c-6084-454f-8978-0a28620f66ed,1649376000000,
7c698904-d707-4867-86ba-9421f81e12ac.binning_data.json,2022-04-07 22:11:48.117,2022-04-07 22:11:48.117,com.sec.android.app.shealth,0,8385,1.4631833,6481.4893,286.34998,com.sec.android.app.shealth,7c698904-d707-4867-86ba-9421f81e12ac,1649289600000,
a914d09f-14c7-4d94-809d-eb30a8bb3ac2.binning_data.json,2022-04-09 06:38:32.886,2022-04-09 06:38:32.886,com.sec.android.app.shealth,0,6847,1.4377257,5274.7,241.62,com.sec.android.app.shealth,a914d09f-14c7-4d94-809d-eb30a8bb3ac2,1649376000000,
eace1961-00ca-43b6-9945-b536ed51f4d4.binning_data.json,2022-04-12 19:21:28.553,2022-04-12 06:47:47.491,com.sec.android.app.shealth,-2,6879,1.4967494,5341.47,236.06999,com.sec.android.app.shealth,eace1961-00ca-43b6-9945-b536ed51f4d4,1649721600000,
6b8f9618-3a09-42f9-9acb-bccc065d8c75.binning_data.json,2022-04-10 07:19:39.239,2022-04-10 07:19:39.239,com.sec.android.app.shealth,0,6803,1.4886626,5270.05,230.02,com.sec.android.app.shealth,6b8f9618-3a09-42f9-9acb-bccc065d8c75,1649462400000,
d595e9c2-f2db-4ef8-b94e-8ef93147554b.binning_data.json,2022-04-13 19:15:51.846,2022-04-13 06:38:35.581,com.sec.android.app.shealth,-2,7031,1.4419492,5397.3,247.04,com.sec.android.app.shealth,d595e9c2-f2db-4ef8-b94e-8ef93147554b,1649808000000,
1c7a408c-2982-4700-8e7c-267f34658456.binning_data.json,2022-04-11 19:15:51.843,2022-04-11 06:21:04.740,com.sec.android.app.shealth,-2,5461,1.489808,4231.71,183.18,com.sec.android.app.shealth,1c7a408c-2982-4700-8e7c-267f34658456,1649635200000,
a4f062f6-2d25-4543-aab5-099ead1ea885.binning_data.json,2022-04-13 05:55:30.820,2022-04-13 05:55:30.820,com.sec.android.app.shealth,0,6879,1.4967494,5341.47,236.06999,com.sec.android.app.shealth,a4f062f6-2d25-4543-aab5-099ead1ea885,1649721600000,
47364b28-efe9-4d1c-8947-58b59ba8ab54.binning_data.json,2022-04-12 06:15:17.571,2022-04-12 06:15:17.571,com.sec.android.app.shealth,0,5461,1.489808,4231.71,183.18,com.sec.android.app.shealth,47364b28-efe9-4d1c-8947-58b59ba8ab54,1649635200000,
34b33b59-2f02-4c0a-ab5e-6d0b083fd69d.binning_data.json,2022-04-16 19:49:57.526,2022-04-16 06:36:27.042,com.sec.android.app.shealth,-2,10828,1.6295365,8616.0,367.87,com.sec.android.app.shealth,34b33b59-2f02-4c0a-ab5e-6d0b083fd69d,1650067200000,
0cf4a44d-2fbf-44af-8f37-a77c62626298.binning_data.json,2022-04-14 19:28:41.070,2022-04-14 06:16:33.158,com.sec.android.app.shealth,-2,7606,1.4461066,5884.5796,274.29996,com.sec.android.app.shealth,0cf4a44d-2fbf-44af-8f37-a77c62626298,1649894400000,
d1d85891-9d34-40b1-80aa-71b90ff717f6.binning_data.json,2022-04-15 19:29:55.213,2022-04-15 05:35:01.276,com.sec.android.app.shealth,-2,9472,1.459111,7333.8,341.56,com.sec.android.app.shealth,d1d85891-9d34-40b1-80aa-71b90ff717f6,1649980800000,
58cb3ec4-4393-4bf6-8c78-4cefda499e10.binning_data.json,2022-04-16 06:21:54.924,2022-04-16 06:21:54.924,com.sec.android.app.shealth,0,9472,1.459111,7333.8,341.56,com.sec.android.app.shealth,58cb3ec4-4393-4bf6-8c78-4cefda499e10,1649980800000,
120ffef9-54c0-4579-89f7-bcd8a1750ed6.binning_data.json,2022-04-11 05:46:39.812,2022-04-11 05:46:39.812,com.sec.android.app.shealth,0,8222,1.4794705,6378.41,286.52,com.sec.android.app.shealth,120ffef9-54c0-4579-89f7-bcd8a1750ed6,1649548800000,
b6b237f1-27a4-48ac-96a5-272858fe0766.binning_data.json,2022-04-19 19:15:42.309,2022-04-19 06:30:17.590,com.sec.android.app.shealth,-2,7327,1.5586911,5746.69,242.16,com.sec.android.app.shealth,b6b237f1-27a4-48ac-96a5-272858fe0766,1650326400000,
00ff9e70-6814-46b2-b3c5-3d6272aa68a5.binning_data.json,2022-04-18 19:21:41.169,2022-04-18 07:22:15.451,com.sec.android.app.shealth,-2,6649,1.608421,5237.58,217.26,com.sec.android.app.shealth,00ff9e70-6814-46b2-b3c5-3d6272aa68a5,1650240000000,
d671db99-12e4-431a-958b-4bf0089eed35.binning_data.json,2022-04-15 05:34:17.387,2022-04-15 05:34:17.387,com.sec.android.app.shealth,0,7606,1.4461066,5884.5796,274.29996,com.sec.android.app.shealth,d671db99-12e4-431a-958b-4bf0089eed35,1649894400000,
a11114fe-ec3c-4866-ae8f-8ab03ab7f4bf.binning_data.json,2022-04-22 18:55:41.542,2022-04-22 06:59:18.503,com.sec.android.app.shealth,-2,6941,1.5030007,5389.14,229.27,com.sec.android.app.shealth,a11114fe-ec3c-4866-ae8f-8ab03ab7f4bf,1650585600000,
500eb3ea-405e-4b78-9bff-14cdad39440b.binning_data.json,2022-04-17 19:35:38.027,2022-04-17 08:02:34.100,com.sec.android.app.shealth,-2,6527,1.5023737,5061.53,218.8,com.sec.android.app.shealth,500eb3ea-405e-4b78-9bff-14cdad39440b,1650153600000,
72f69427-ee29-44e6-9224-a16cc8633928.binning_data.json,2022-04-14 06:11:52.699,2022-04-14 06:11:52.699,com.sec.android.app.shealth,0,7031,1.4419492,5397.3,247.04,com.sec.android.app.shealth,72f69427-ee29-44e6-9224-a16cc8633928,1649808000000,
4eae36ec-033b-42b5-96d8-54eb9db63a0d.binning_data.json,2022-04-19 06:07:04.761,2022-04-19 06:07:04.761,com.sec.android.app.shealth,0,6649,1.608421,5237.58,217.26,com.sec.android.app.shealth,4eae36ec-033b-42b5-96d8-54eb9db63a0d,1650240000000,
8c3f596f-94fb-40fe-984d-52383210222f.binning_data.json,2022-04-21 20:02:00.818,2022-04-21 06:35:51.585,com.sec.android.app.shealth,-2,6871,1.4677334,5312.08,237.78,com.sec.android.app.shealth,8c3f596f-94fb-40fe-984d-52383210222f,1650499200000,
f7679ce5-d9db-4519-87d3-89f5c5aae06a.binning_data.json,2022-04-18 06:57:22.869,2022-04-18 06:57:22.869,com.sec.android.app.shealth,0,6527,1.5023737,5061.53,218.8,com.sec.android.app.shealth,f7679ce5-d9db-4519-87d3-89f5c5aae06a,1650153600000,
a3c60c84-bbda-471d-bc27-557de77f50a4.binning_data.json,2022-04-25 19:16:33.628,2022-04-25 08:56:57.527,com.sec.android.app.shealth,-2,10681,1.4161694,8173.46,376.95,com.sec.android.app.shealth,a3c60c84-bbda-471d-bc27-557de77f50a4,1650844800000,
394ec9d4-90f9-412a-be77-68e2204e45d2.binning_data.json,2022-04-20 18:57:40.654,2022-04-20 05:39:36.098,com.sec.android.app.shealth,-2,5016,1.578242,3981.99,173.51,com.sec.android.app.shealth,394ec9d4-90f9-412a-be77-68e2204e45d2,1650412800000,
2e11989b-1e3a-452e-8aca-e97de4755204.binning_data.json,2022-04-24 19:19:53.290,2022-04-24 07:34:52.414,com.sec.android.app.shealth,-2,7800,1.4856982,6043.55,259.06,com.sec.android.app.shealth,2e11989b-1e3a-452e-8aca-e97de4755204,1650758400000,
f8953caa-7eb2-4a22-8975-ad4f2c0232ab.binning_data.json,2022-04-21 22:16:21.970,2022-04-21 22:16:21.970,com.sec.android.app.shealth,0,6871,1.4677334,5312.08,237.78,com.sec.android.app.shealth,f8953caa-7eb2-4a22-8975-ad4f2c0232ab,1650499200000,
45948876-a479-4541-8755-e532ae80c440.binning_data.json,2022-04-16 22:35:26.577,2022-04-16 22:35:26.577,com.sec.android.app.shealth,0,10828,1.6295365,8616.0,367.87,com.sec.android.app.shealth,45948876-a479-4541-8755-e532ae80c440,1650067200000,
c030d13d-aa44-4a4f-abf0-0b9d6ddac508.binning_data.json,2022-04-28 19:16:57.328,2022-04-28 06:26:10.743,com.sec.android.app.shealth,-2,8366,1.4831619,6496.51,287.81,com.sec.android.app.shealth,c030d13d-aa44-4a4f-abf0-0b9d6ddac508,1651104000000,
f499b483-a558-41b6-944f-2f1731e7d19a.binning_data.json,2022-04-21 06:14:50.623,2022-04-21 06:14:50.623,com.sec.android.app.shealth,0,5016,1.578242,3981.99,173.51,com.sec.android.app.shealth,f499b483-a558-41b6-944f-2f1731e7d19a,1650412800000,
91d52bb3-82e8-45c0-b51b-737316e72ed0.binning_data.json,2022-04-27 19:36:50.216,2022-04-27 05:49:44.046,com.sec.android.app.shealth,-2,7291,1.5341878,5709.72,244.38,com.sec.android.app.shealth,91d52bb3-82e8-45c0-b51b-737316e72ed0,1651017600000,
c94d3dab-d49c-49cb-9991-ee8854011d23.binning_data.json,2022-04-23 18:55:20.381,2022-04-23 05:54:58.618,com.sec.android.app.shealth,-2,6130,1.4806768,4772.87,214.22,com.sec.android.app.shealth,c94d3dab-d49c-49cb-9991-ee8854011d23,1650672000000,
88020274-f9b9-4b20-a27d-588b62488fc4.binning_data.json,2022-04-20 05:38:48.217,2022-04-20 05:38:48.217,com.sec.android.app.shealth,0,7327,1.5586911,5746.69,242.16,com.sec.android.app.shealth,88020274-f9b9-4b20-a27d-588b62488fc4,1650326400000,
51b66319-896c-42f2-a0d6-96624f1b90e0.binning_data.json,2022-04-25 07:49:10.558,2022-04-25 07:49:10.558,com.sec.android.app.shealth,0,7800,1.4856982,6043.55,259.06,com.sec.android.app.shealth,51b66319-896c-42f2-a0d6-96624f1b90e0,1650758400000,
1060def2-a1c3-4244-ae0a-3240de146f1b.binning_data.json,2022-04-30 19:12:16.755,2022-04-30 06:49:12.310,com.sec.android.app.shealth,-2,11455,1.4291384,8820.17,419.31,com.sec.android.app.shealth,1060def2-a1c3-4244-ae0a-3240de146f1b,1651276800000,
2f56faec-8402-4457-94ed-d617f9ee1126.binning_data.json,2022-05-01 19:35:43.221,2022-05-01 07:14:32.753,com.sec.android.app.shealth,-2,11596,1.5046463,9048.26,394.69,com.sec.android.app.shealth,2f56faec-8402-4457-94ed-d617f9ee1126,1651363200000,
cb4ddb1b-87dd-40f5-8fce-e50ae40a7fca.binning_data.json,2022-04-23 22:00:02.584,2022-04-23 22:00:02.584,com.sec.android.app.shealth,0,6130,1.4806768,4772.87,214.22,com.sec.android.app.shealth,cb4ddb1b-87dd-40f5-8fce-e50ae40a7fca,1650672000000,
6c72ecb0-1b34-4d92-aa0b-60b1a6b9c17a.binning_data.json,2022-04-27 23:03:49.071,2022-04-27 23:03:49.071,com.sec.android.app.shealth,0,7291,1.5341878,5709.72,244.38,com.sec.android.app.shealth,6c72ecb0-1b34-4d92-aa0b-60b1a6b9c17a,1651017600000,
743ce5ff-5577-4a5c-baa0-f7502f243d89.binning_data.json,2022-04-23 05:54:44.571,2022-04-23 05:54:44.571,com.sec.android.app.shealth,0,6941,1.5030007,5389.14,229.27,com.sec.android.app.shealth,743ce5ff-5577-4a5c-baa0-f7502f243d89,1650585600000,
57220975-8a89-4945-aee6-68b146bb78fb.binning_data.json,2022-05-04 19:15:43.378,2022-05-04 06:15:43.275,com.sec.android.app.shealth,-2,4943,1.4628003,3845.25,173.29,com.sec.android.app.shealth,57220975-8a89-4945-aee6-68b146bb78fb,1651622400000,
4fa174fb-3309-4ba0-b87c-869089e1117d.binning_data.json,2022-05-03 18:58:59.939,2022-05-03 06:30:29.694,com.sec.android.app.shealth,-2,8257,1.5050344,6426.56,280.26,com.sec.android.app.shealth,4fa174fb-3309-4ba0-b87c-869089e1117d,1651536000000,
61e49715-f0dd-431d-81ec-6fc0915ed304.binning_data.json,2022-04-27 05:33:47.347,2022-04-27 05:33:47.347,com.sec.android.app.shealth,0,9858,1.4955802,7655.32,339.26,com.sec.android.app.shealth,61e49715-f0dd-431d-81ec-6fc0915ed304,1650931200000,
c1065b51-baa9-4838-a919-1e264c0d0921.binning_data.json,2022-04-26 19:17:48.878,2022-04-26 06:25:24.356,com.sec.android.app.shealth,-2,9858,1.4955802,7655.32,339.26,com.sec.android.app.shealth,c1065b51-baa9-4838-a919-1e264c0d0921,1650931200000,
590d3e16-acde-4787-9879-1051e4eacbd5.binning_data.json,2022-05-01 06:58:00.749,2022-05-01 06:58:00.749,com.sec.android.app.shealth,0,11455,1.4291384,8820.17,419.31,com.sec.android.app.shealth,590d3e16-acde-4787-9879-1051e4eacbd5,1651276800000,
41c651d9-e1b6-4d1f-b2af-3de095578bd7.binning_data.json,2022-05-07 19:17:08.958,2022-05-07 06:37:51.142,com.sec.android.app.shealth,-2,11889,1.4833796,9227.2,422.26,com.sec.android.app.shealth,41c651d9-e1b6-4d1f-b2af-3de095578bd7,1651881600000,
28ea20d1-8adc-4dc4-bab5-ae565d1cb8a3.binning_data.json,2022-05-06 19:17:37.596,2022-05-06 06:18:58.805,com.sec.android.app.shealth,-2,7999,1.5703423,6292.48,265.02,com.sec.android.app.shealth,28ea20d1-8adc-4dc4-bab5-ae565d1cb8a3,1651795200000,
a6c15533-b2fe-42e2-9566-bbe2fc576d60.binning_data.json,2022-04-29 19:15:38.705,2022-04-29 05:49:55.131,com.sec.android.app.shealth,-2,10691,1.4308207,8266.04,379.29,com.sec.android.app.shealth,a6c15533-b2fe-42e2-9566-bbe2fc576d60,1651190400000,
58511293-7050-479e-8f20-517e036267d4.binning_data.json,2022-04-26 05:54:55.410,2022-04-26 05:54:55.410,com.sec.android.app.shealth,0,10681,1.4161694,8173.46,376.95,com.sec.android.app.shealth,58511293-7050-479e-8f20-517e036267d4,1650844800000,
33b93948-afc6-4afe-a53c-a7cde1cae76d.binning_data.json,2022-05-04 06:15:24.651,2022-05-04 06:15:24.651,com.sec.android.app.shealth,0,8257,1.5050344,6426.56,280.26,com.sec.android.app.shealth,33b93948-afc6-4afe-a53c-a7cde1cae76d,1651536000000,
efe2ac90-2723-4d5d-971f-e0422ad400a8.binning_data.json,2022-05-09 19:17:18.015,2022-05-09 05:55:41.038,com.sec.android.app.shealth,-2,8538,1.4922585,6637.67,290.47,com.sec.android.app.shealth,efe2ac90-2723-4d5d-971f-e0422ad400a8,1652054400000,
d5f35a79-bbc6-4600-9363-8ab8557baa64.binning_data.json,2022-05-10 19:19:03.748,2022-05-10 06:30:23.643,com.sec.android.app.shealth,-2,8893,1.4663774,6880.81,307.49,com.sec.android.app.shealth,d5f35a79-bbc6-4600-9363-8ab8557baa64,1652140800000,
5ddd62bc-edf3-42a0-8deb-60999f105c79.binning_data.json,2022-04-30 06:30:44.740,2022-04-30 06:30:44.740,com.sec.android.app.shealth,0,10691,1.4308207,8266.04,379.29,com.sec.android.app.shealth,5ddd62bc-edf3-42a0-8deb-60999f105c79,1651190400000,
e1a57773-dd84-48d7-9959-2a6141f3cf09.binning_data.json,2022-05-06 22:00:02.699,2022-05-06 22:00:02.699,com.sec.android.app.shealth,0,7999,1.5703423,6292.48,265.02,com.sec.android.app.shealth,e1a57773-dd84-48d7-9959-2a6141f3cf09,1651795200000,
bb171f50-c880-4552-a197-db9da3bc615d.binning_data.json,2022-05-02 19:41:41.470,2022-05-02 05:34:34.370,com.sec.android.app.shealth,-2,9239,1.4961514,7184.4995,308.77,com.sec.android.app.shealth,bb171f50-c880-4552-a197-db9da3bc615d,1651449600000,
47ae9407-a51a-47d1-bf60-21bc4b0a0be6.binning_data.json,2022-05-12 19:25:07.463,2022-05-12 05:59:11.992,com.sec.android.app.shealth,-2,6332,1.4249369,4879.43,224.28,com.sec.android.app.shealth,47ae9407-a51a-47d1-bf60-21bc4b0a0be6,1652313600000,
51392b94-17db-4c92-acd3-d0c0bc6b5be5.binning_data.json,2022-04-29 05:47:53.295,2022-04-29 05:47:53.295,com.sec.android.app.shealth,0,8366,1.4831619,6496.51,287.81,com.sec.android.app.shealth,51392b94-17db-4c92-acd3-d0c0bc6b5be5,1651104000000,
024c4d91-9e52-40cb-b171-504210053ba8.binning_data.json,2022-05-13 19:01:28.769,2022-05-13 07:03:26.519,com.sec.android.app.shealth,-2,10559,1.4506055,8142.09,365.63998,com.sec.android.app.shealth,024c4d91-9e52-40cb-b171-504210053ba8,1652400000000,
a63cfb4f-2ac9-434a-8cc3-d36bc455f4d9.binning_data.json,2022-05-05 18:55:23.072,2022-05-05 05:45:30.888,com.sec.android.app.shealth,-2,5581,1.4930803,4346.89,189.33,com.sec.android.app.shealth,a63cfb4f-2ac9-434a-8cc3-d36bc455f4d9,1651708800000,
11f5aad2-51c8-433b-ae2b-b2e8a7110f83.binning_data.json,2022-05-10 06:06:27.917,2022-05-10 06:06:27.917,com.sec.android.app.shealth,0,8538,1.4922585,6637.67,290.47,com.sec.android.app.shealth,11f5aad2-51c8-433b-ae2b-b2e8a7110f83,1652054400000,
4ad9fdc3-4e81-44f4-b228-a0ebc554108d.binning_data.json,2022-05-15 19:27:58.055,2022-05-15 07:18:36.721,com.sec.android.app.shealth,-2,8734,1.4902158,6794.94,296.67,com.sec.android.app.shealth,4ad9fdc3-4e81-44f4-b228-a0ebc554108d,1652572800000,
0888835d-4f48-4b0a-bb3c-0166782f5474.binning_data.json,2022-05-03 06:29:14.991,2022-05-03 06:29:14.991,com.sec.android.app.shealth,0,9239,1.4961514,7184.4995,308.77,com.sec.android.app.shealth,0888835d-4f48-4b0a-bb3c-0166782f5474,1651449600000,
def78499-04a6-459d-a179-b5f0a1f524a2.binning_data.json,2022-05-16 19:36:26.783,2022-05-16 05:21:23.802,com.sec.android.app.shealth,-2,6905,1.4389802,5346.72,242.8,com.sec.android.app.shealth,def78499-04a6-459d-a179-b5f0a1f524a2,1652659200000,
f34ae3db-8b8c-419a-b62f-866847789233.binning_data.json,2022-05-02 05:34:33.649,2022-05-02 05:34:33.649,com.sec.android.app.shealth,0,11596,1.5046463,9048.26,394.69,com.sec.android.app.shealth,f34ae3db-8b8c-419a-b62f-866847789233,1651363200000,
2e0d54eb-cf94-455a-97bc-b56f203be458.binning_data.json,2022-05-13 06:15:10.370,2022-05-13 06:15:10.370,com.sec.android.app.shealth,0,6332,1.4249369,4879.43,224.28,com.sec.android.app.shealth,2e0d54eb-cf94-455a-97bc-b56f203be458,1652313600000,
648302c7-84e6-4335-a532-f1eced92b9be.binning_data.json,2022-05-05 22:58:21.698,2022-05-05 22:58:21.698,com.sec.android.app.shealth,0,5581,1.4930803,4346.89,189.33,com.sec.android.app.shealth,648302c7-84e6-4335-a532-f1eced92b9be,1651708800000,
d7f02661-5605-4b35-b048-bd5b5425d9d6.binning_data.json,2022-05-19 21:52:11.046,2022-05-19 06:31:55.013,com.sec.android.app.shealth,-2,8184,1.5016835,6376.31,279.15,com.sec.android.app.shealth,d7f02661-5605-4b35-b048-bd5b5425d9d6,1652918400000,
48356271-f66c-4fcb-adf1-441490479dde.binning_data.json,2022-05-18 19:30:04.747,2022-05-17 23:30:59.499,com.sec.android.app.shealth,-2,12032,1.8852592,10458.15,508.01,com.sec.android.app.shealth,48356271-f66c-4fcb-adf1-441490479dde,1652832000000,
b65280ef-d14e-433a-8637-e9a9ad993041.binning_data.json,2022-05-08 19:15:44.545,2022-05-08 05:35:39.597,com.sec.android.app.shealth,-2,8284,1.4691749,6420.41,289.85,com.sec.android.app.shealth,b65280ef-d14e-433a-8637-e9a9ad993041,1651968000000,
0db6a580-c4aa-44ad-af99-d7a94e12338c.binning_data.json,2022-05-05 05:26:15.945,2022-05-05 05:26:15.945,com.sec.android.app.shealth,0,4943,1.4628003,3845.25,173.29,com.sec.android.app.shealth,0db6a580-c4aa-44ad-af99-d7a94e12338c,1651622400000,
e5c9b769-699e-49d5-b5b7-8e5a784b04d9.binning_data.json,2022-05-09 05:26:38.434,2022-05-09 05:26:38.434,com.sec.android.app.shealth,0,8284,1.4691749,6420.41,289.85,com.sec.android.app.shealth,e5c9b769-699e-49d5-b5b7-8e5a784b04d9,1651968000000,
b59a253f-b154-4ae5-879f-59dc093cd8b0.binning_data.json,2022-05-22 20:15:23.584,2022-05-22 06:12:22.111,com.sec.android.app.shealth,-2,4834,1.4850174,3778.48,169.5,com.sec.android.app.shealth,b59a253f-b154-4ae5-879f-59dc093cd8b0,1653177600000,
75c93917-a634-4185-86e5-960b3c19975d.binning_data.json,2022-05-11 19:23:54.438,2022-05-11 06:36:21.333,com.sec.android.app.shealth,-2,9125,1.4466859,7029.25,317.94,com.sec.android.app.shealth,75c93917-a634-4185-86e5-960b3c19975d,1652227200000,
08557414-154c-459f-b466-1df9c9a7bcd6.binning_data.json,2022-05-16 05:21:17.719,2022-05-16 05:21:17.719,com.sec.android.app.shealth,0,8734,1.4902158,6794.94,296.67,com.sec.android.app.shealth,08557414-154c-459f-b466-1df9c9a7bcd6,1652572800000,
5f54cbfa-bb9e-4572-b428-9077ea3bf7e0.binning_data.json,2022-05-21 20:36:49.556,2022-05-21 06:15:37.207,com.sec.android.app.shealth,-2,8970,1.4423133,6942.37,320.44,com.sec.android.app.shealth,5f54cbfa-bb9e-4572-b428-9077ea3bf7e0,1653091200000,
233803c4-27a8-4c51-91f8-4af75725b203.binning_data.json,2022-05-12 05:22:32.805,2022-05-12 05:22:32.805,com.sec.android.app.shealth,0,9125,1.4466859,7029.25,317.94,com.sec.android.app.shealth,233803c4-27a8-4c51-91f8-4af75725b203,1652227200000,
6f9c6d49-968f-41a2-98a5-3811728d91c1.binning_data.json,2022-05-07 22:08:04.172,2022-05-07 22:08:04.172,com.sec.android.app.shealth,0,11889,1.4833796,9227.2,422.26,com.sec.android.app.shealth,6f9c6d49-968f-41a2-98a5-3811728d91c1,1651881600000,
1c3fcad7-5fb2-4f28-bb1d-443ab719c822.binning_data.json,2022-05-25 20:06:04.523,2022-05-25 05:33:08.111,com.sec.android.app.shealth,-2,7926,1.4744754,6170.41,275.24,com.sec.android.app.shealth,1c3fcad7-5fb2-4f28-bb1d-443ab719c822,1653436800000,
7666a0d1-ea7a-4eae-a1bb-f22f9f7ac36d.binning_data.json,2022-05-14 19:20:30.087,2022-05-14 06:37:25.202,com.sec.android.app.shealth,-2,9251,1.3633796,7076.18,339.08,com.sec.android.app.shealth,7666a0d1-ea7a-4eae-a1bb-f22f9f7ac36d,1652486400000,
d99a4996-d2ad-438a-b80d-46f2099441bb.binning_data.json,2022-05-14 22:00:01.023,2022-05-14 22:00:01.023,com.sec.android.app.shealth,0,9251,1.3633796,7076.18,339.08,com.sec.android.app.shealth,d99a4996-d2ad-438a-b80d-46f2099441bb,1652486400000,
fc22f4e4-89a1-45e0-9d9c-c44f689c0593.binning_data.json,2022-05-24 20:15:21.258,2022-05-24 01:42:37.626,com.sec.android.app.shealth,-2,7144,1.4907717,5568.81,244.02,com.sec.android.app.shealth,fc22f4e4-89a1-45e0-9d9c-c44f689c0593,1653350400000,
84d1e9e6-8bd3-40a5-ac9a-d562f62f27fd.binning_data.json,2022-05-28 19:35:23.756,2022-05-28 06:12:45.122,com.sec.android.app.shealth,-2,15284,1.6687456,12680.88,615.41,com.sec.android.app.shealth,84d1e9e6-8bd3-40a5-ac9a-d562f62f27fd,1653696000000,
7e46f34d-b1d0-4523-a10f-13af2c826b9a.binning_data.json,2022-05-18 22:00:00.975,2022-05-18 22:00:00.975,com.sec.android.app.shealth,0,12032,1.8852592,10458.15,508.01,com.sec.android.app.shealth,7e46f34d-b1d0-4523-a10f-13af2c826b9a,1652832000000,
00b88ac1-1008-4f7b-bdc9-c32c813190dd.binning_data.json,2022-05-17 19:56:32.103,2022-05-16 22:21:09.700,com.sec.android.app.shealth,-2,9534,1.7948664,8099.33,375.83,com.sec.android.app.shealth,00b88ac1-1008-4f7b-bdc9-c32c813190dd,1652745600000,
d24406d6-e4fb-4bc5-b25f-ae9c54fa5398.binning_data.json,2022-05-10 22:00:01.257,2022-05-10 22:00:01.257,com.sec.android.app.shealth,0,8893,1.4663774,6880.81,307.49,com.sec.android.app.shealth,d24406d6-e4fb-4bc5-b25f-ae9c54fa5398,1652140800000,
b36eaa5c-1e8f-4758-8e3e-b2e67dceef71.binning_data.json,2022-05-31 19:48:36.069,2022-05-31 05:40:11.823,com.sec.android.app.shealth,-2,6740,1.459621,5221.38,233.98,com.sec.android.app.shealth,b36eaa5c-1e8f-4758-8e3e-b2e67dceef71,1653955200000,
e94e992c-5042-4663-b2a7-ed06c7652714.binning_data.json,2022-05-27 20:23:02.114,2022-05-27 05:15:07.088,com.sec.android.app.shealth,-2,13428,1.895537,11805.43,577.67,com.sec.android.app.shealth,e94e992c-5042-4663-b2a7-ed06c7652714,1653609600000,
88bb40c3-50d3-4533-9a26-010115693faa.binning_data.json,2022-05-17 22:00:02.551,2022-05-17 22:00:02.551,com.sec.android.app.shealth,0,9534,1.7948664,8099.33,375.83,com.sec.android.app.shealth,88bb40c3-50d3-4533-9a26-010115693faa,1652745600000,
36f3b5f4-4318-43b8-8487-0480a3d1ad5b.binning_data.json,2022-05-14 05:59:52.011,2022-05-14 05:59:52.011,com.sec.android.app.shealth,0,10559,1.4506055,8142.09,365.63998,com.sec.android.app.shealth,36f3b5f4-4318-43b8-8487-0480a3d1ad5b,1652400000000,
d8ce2465-409d-4916-97c2-f563afa8eaf1.binning_data.json,2022-05-21 22:48:53.456,2022-05-21 22:48:53.456,com.sec.android.app.shealth,0,8970,1.4423133,6942.37,320.44,com.sec.android.app.shealth,d8ce2465-409d-4916-97c2-f563afa8eaf1,1653091200000,
54d1d2bb-3756-4ac9-837a-a82d987207c8.binning_data.json,2022-05-20 19:36:01.172,2022-05-20 05:15:36.141,com.sec.android.app.shealth,-2,6067,1.4203912,4704.28,220.94,com.sec.android.app.shealth,54d1d2bb-3756-4ac9-837a-a82d987207c8,1653004800000,
2fda06c2-c583-4f66-95fc-61f8aaacba4a.binning_data.json,2022-05-30 19:45:00.957,2022-05-30 05:00:22.628,com.sec.android.app.shealth,-2,6876,1.42409,5319.84,246.68,com.sec.android.app.shealth,2fda06c2-c583-4f66-95fc-61f8aaacba4a,1653868800000,
fe11a00e-194f-4678-8904-cd1003713865.binning_data.json,2022-06-03 19:34:00.843,2022-06-03 06:21:43.406,com.sec.android.app.shealth,-2,7591,1.4642335,5893.95,263.06,com.sec.android.app.shealth,fe11a00e-194f-4678-8904-cd1003713865,1654214400000,
7336d514-a5eb-4e89-b31e-81d668b9da13.binning_data.json,2022-05-20 22:25:42.815,2022-05-20 22:25:42.815,com.sec.android.app.shealth,0,6067,1.4203912,4704.28,220.94,com.sec.android.app.shealth,7336d514-a5eb-4e89-b31e-81d668b9da13,1653004800000,
eb0359c3-1d9f-4490-b091-36aff4dad80d.binning_data.json,2022-05-23 20:32:35.097,2022-05-23 05:04:42.537,com.sec.android.app.shealth,-2,7568,1.485005,5907.86,260.85,com.sec.android.app.shealth,eb0359c3-1d9f-4490-b091-36aff4dad80d,1653264000000,
0469158d-9abd-466c-b72a-40a7b64a5c98.binning_data.json,2022-05-25 05:33:05.178,2022-05-25 05:33:05.178,com.sec.android.app.shealth,0,7144,1.4907717,5568.81,244.02,com.sec.android.app.shealth,0469158d-9abd-466c-b72a-40a7b64a5c98,1653350400000,
78456030-8ad1-4ddd-ad91-8c256aac7803.binning_data.json,2022-05-16 22:00:00.969,2022-05-16 22:00:00.969,com.sec.android.app.shealth,0,6905,1.4389802,5346.72,242.8,com.sec.android.app.shealth,78456030-8ad1-4ddd-ad91-8c256aac7803,1652659200000,
547e2d34-8900-44b2-bf19-665b3e3062b2.binning_data.json,2022-05-23 22:00:01.931,2022-05-23 22:00:01.931,com.sec.android.app.shealth,0,7568,1.485005,5907.86,260.85,com.sec.android.app.shealth,547e2d34-8900-44b2-bf19-665b3e3062b2,1653264000000,
845fa4d5-ac20-451c-8a61-903a8a624674.binning_data.json,2022-06-02 19:57:49.863,2022-06-02 06:35:10.816,com.sec.android.app.shealth,-2,7093,1.3890262,5460.7,262.65,com.sec.android.app.shealth,845fa4d5-ac20-451c-8a61-903a8a624674,1654128000000,
1c71738c-49dc-43db-844f-2a00d60b887e.binning_data.json,2022-05-26 19:54:38.602,2022-05-26 05:09:31.823,com.sec.android.app.shealth,-2,7605,1.4120613,5863.98,272.59,com.sec.android.app.shealth,1c71738c-49dc-43db-844f-2a00d60b887e,1653523200000,
4a079cf3-3c99-4ffe-a67d-6df5648ac17d.binning_data.json,2022-05-28 06:12:22.534,2022-05-28 06:12:22.534,com.sec.android.app.shealth,0,13428,1.895537,11805.43,577.67,com.sec.android.app.shealth,4a079cf3-3c99-4ffe-a67d-6df5648ac17d,1653609600000,
589f47c3-b7f7-46a7-9a44-8505d86193e6.binning_data.json,2022-05-19 22:00:02.394,2022-05-19 22:00:02.394,com.sec.android.app.shealth,0,8184,1.5016835,6376.31,279.15,com.sec.android.app.shealth,589f47c3-b7f7-46a7-9a44-8505d86193e6,1652918400000,
896a079a-d1aa-4429-9c11-dbe1a6287ab3.binning_data.json,2022-06-06 19:41:55.279,2022-06-06 05:07:51.277,com.sec.android.app.shealth,-2,5084,1.4620245,3958.76,180.27,com.sec.android.app.shealth,896a079a-d1aa-4429-9c11-dbe1a6287ab3,1654473600000,
9b18d22c-1847-4daf-b02b-71609c8f117c.binning_data.json,2022-05-29 19:55:13.627,2022-05-29 06:21:29.851,com.sec.android.app.shealth,-2,4552,1.4806181,3536.21,159.8,com.sec.android.app.shealth,9b18d22c-1847-4daf-b02b-71609c8f117c,1653782400000,
230ea8e0-0daf-405a-accf-b57bd45b1351.binning_data.json,2022-05-31 05:40:08.421,2022-05-31 05:40:08.421,com.sec.android.app.shealth,0,6876,1.42409,5319.84,246.68,com.sec.android.app.shealth,230ea8e0-0daf-405a-accf-b57bd45b1351,1653868800000,
f0b9c10f-386c-4ee2-b0e0-3f7f9ddceabd.binning_data.json,2022-05-22 22:00:01.320,2022-05-22 22:00:01.320,com.sec.android.app.shealth,0,4834,1.4850174,3778.48,169.5,com.sec.android.app.shealth,f0b9c10f-386c-4ee2-b0e0-3f7f9ddceabd,1653177600000,
886f0e80-ed55-4be1-9d16-19843a6cd497.binning_data.json,2022-05-27 04:57:33.139,2022-05-27 04:57:33.139,com.sec.android.app.shealth,0,7605,1.4120613,5863.98,272.59,com.sec.android.app.shealth,886f0e80-ed55-4be1-9d16-19843a6cd497,1653523200000,
2495e132-26fa-4a8c-bad2-c77817605a90.binning_data.json,2022-06-01 19:47:04.956,2022-06-01 05:12:24.060,com.sec.android.app.shealth,-2,7577,1.3978332,5830.13,273.44,com.sec.android.app.shealth,2495e132-26fa-4a8c-bad2-c77817605a90,1654041600000,
4b1ededd-f1b0-496b-9efe-17567cbac472.binning_data.json,2022-06-09 20:29:45.188,2022-06-09 05:02:10.564,com.sec.android.app.shealth,-2,12735,1.7428893,10603.62,493.41,com.sec.android.app.shealth,4b1ededd-f1b0-496b-9efe-17567cbac472,1654732800000,
e4356af2-7dee-4500-9245-affc662c8d02.binning_data.json,2022-06-05 20:09:37.029,2022-06-05 06:07:14.710,com.sec.android.app.shealth,-2,5623,1.4051982,4331.11,202.36,com.sec.android.app.shealth,e4356af2-7dee-4500-9245-affc662c8d02,1654387200000,
15782788-2fec-4b61-9955-7bea1a7ca9b7.binning_data.json,2022-06-03 06:11:37.420,2022-06-03 06:11:37.420,com.sec.android.app.shealth,0,7093,1.3890262,5460.7,262.65,com.sec.android.app.shealth,15782788-2fec-4b61-9955-7bea1a7ca9b7,1654128000000,
4179b405-5900-4b07-9cd2-70189e107427.binning_data.json,2022-05-30 04:59:38.389,2022-05-30 04:59:38.389,com.sec.android.app.shealth,0,4552,1.4806181,3536.21,159.8,com.sec.android.app.shealth,4179b405-5900-4b07-9cd2-70189e107427,1653782400000,
b4b4edb5-997b-461f-a79c-f4d16703518b.binning_data.json,2022-06-08 19:56:23.790,2022-06-08 05:01:33.955,com.sec.android.app.shealth,-2,7054,1.4510232,5459.32,246.73,com.sec.android.app.shealth,b4b4edb5-997b-461f-a79c-f4d16703518b,1654646400000,
3b70bc55-28fd-4a7d-a00b-c447479198f8.binning_data.json,2022-06-04 20:00:54.843,2022-06-04 06:04:37.718,com.sec.android.app.shealth,-2,9246,1.4276981,7145.23,329.28,com.sec.android.app.shealth,3b70bc55-28fd-4a7d-a00b-c447479198f8,1654300800000,
22c6488b-cbb0-4849-aecd-f32ba312b3a6.binning_data.json,2022-05-26 05:05:52.436,2022-05-26 05:05:52.436,com.sec.android.app.shealth,0,7926,1.4744754,6170.41,275.24,com.sec.android.app.shealth,22c6488b-cbb0-4849-aecd-f32ba312b3a6,1653436800000,
e71e7002-b5d3-47c1-a0fb-f1c57bb34342.binning_data.json,2022-06-06 05:07:47.493,2022-06-06 05:07:47.493,com.sec.android.app.shealth,0,5623,1.4051982,4331.11,202.36,com.sec.android.app.shealth,e71e7002-b5d3-47c1-a0fb-f1c57bb34342,1654387200000,
631f8ad0-0e40-4784-8f4e-5a14a499db3b.binning_data.json,2022-06-12 20:33:31.760,2022-06-11 22:11:40.645,com.sec.android.app.shealth,-2,6784,1.4034522,5227.0703,243.41,com.sec.android.app.shealth,631f8ad0-0e40-4784-8f4e-5a14a499db3b,1654992000000,
d5ad065b-cc6d-4a36-94e1-30644ac1b4e1.binning_data.json,2022-06-01 22:00:02.533,2022-06-01 22:00:02.533,com.sec.android.app.shealth,0,7577,1.3978332,5830.13,273.44,com.sec.android.app.shealth,d5ad065b-cc6d-4a36-94e1-30644ac1b4e1,1654041600000,
2d0e4a2d-91a8-427a-8c05-967e5a073a61.binning_data.json,2022-06-11 21:47:53.089,2022-06-11 05:18:24.469,com.sec.android.app.shealth,-2,11482,1.4008409,8807.27,405.75,com.sec.android.app.shealth,2d0e4a2d-91a8-427a-8c05-967e5a073a61,1654905600000,
6fd1ade5-fe79-434c-864d-e1bbf057cca4.binning_data.json,2022-06-07 19:54:50.286,2022-06-07 05:55:52.771,com.sec.android.app.shealth,-2,7347,1.4609126,5699.88,255.68,com.sec.android.app.shealth,6fd1ade5-fe79-434c-864d-e1bbf057cca4,1654560000000,
4495c0ae-7480-4401-827a-99a8e91f80f3.binning_data.json,2022-05-29 06:14:46.127,2022-05-29 06:14:46.127,com.sec.android.app.shealth,0,15284,1.6687456,12680.88,615.41,com.sec.android.app.shealth,4495c0ae-7480-4401-827a-99a8e91f80f3,1653696000000,
c8edb2c4-5119-4d12-bae4-9ee54d0bf8e3.binning_data.json,2022-06-09 05:00:52.126,2022-06-09 05:00:52.126,com.sec.android.app.shealth,0,7054,1.4510232,5459.32,246.73,com.sec.android.app.shealth,c8edb2c4-5119-4d12-bae4-9ee54d0bf8e3,1654646400000,
3339b550-4213-4300-aedf-68d66c7ad20d.binning_data.json,2022-06-05 06:02:29.514,2022-06-05 06:02:29.514,com.sec.android.app.shealth,0,9246,1.4276981,7145.23,329.28,com.sec.android.app.shealth,3339b550-4213-4300-aedf-68d66c7ad20d,1654300800000,
6f413ee1-be15-4f0b-bf28-947cb4d5a636.binning_data.json,2022-06-15 19:51:15.618,2022-06-15 05:58:05.876,com.sec.android.app.shealth,-2,7425,1.4187123,5708.68,261.63998,com.sec.android.app.shealth,6f413ee1-be15-4f0b-bf28-947cb4d5a636,1655251200000,
4eb7a3d3-f5be-4ca9-a9b6-aa86cfe199d0.binning_data.json,2022-06-10 19:47:16.333,2022-06-10 04:53:43.390,com.sec.android.app.shealth,-2,24310,1.4188253,18684.55,869.63,com.sec.android.app.shealth,4eb7a3d3-f5be-4ca9-a9b6-aa86cfe199d0,1654819200000,
d4c5faa2-d76b-420c-b25d-b4d3a67e06a6.binning_data.json,2022-06-14 19:35:53.130,2022-06-14 05:39:29.693,com.sec.android.app.shealth,-2,7229,1.469824,5597.13,247.13,com.sec.android.app.shealth,d4c5faa2-d76b-420c-b25d-b4d3a67e06a6,1655164800000,
e733b2c5-3df3-4ff5-a984-9e0548e779c0.binning_data.json,2022-06-01 05:00:32.316,2022-06-01 05:00:32.316,com.sec.android.app.shealth,0,6740,1.459621,5221.38,233.98,com.sec.android.app.shealth,e733b2c5-3df3-4ff5-a984-9e0548e779c0,1653955200000,
9884b0f9-1c9b-4d08-a58e-2493855cf14a.binning_data.json,2022-06-18 20:38:22.042,2022-06-18 05:37:37.246,com.sec.android.app.shealth,-2,8632,1.4173726,6657.28,312.3,com.sec.android.app.shealth,9884b0f9-1c9b-4d08-a58e-2493855cf14a,1655510400000,
ad00ff9b-22b2-4ef4-879c-941651ee49b1.binning_data.json,2022-06-08 05:01:26.663,2022-06-08 05:01:26.663,com.sec.android.app.shealth,0,7347,1.4609126,5699.88,255.68,com.sec.android.app.shealth,ad00ff9b-22b2-4ef4-879c-941651ee49b1,1654560000000,
6bf7e1d1-09bf-4529-b0f5-178933ac85be.binning_data.json,2022-06-11 22:00:02.290,2022-06-11 22:00:02.290,com.sec.android.app.shealth,0,11482,1.4008409,8807.27,405.75,com.sec.android.app.shealth,6bf7e1d1-09bf-4529-b0f5-178933ac85be,1654905600000,
cc1be896-103e-48b2-95d0-7524a9f17356.binning_data.json,2022-06-17 20:07:05.811,2022-06-17 05:08:02.033,com.sec.android.app.shealth,-2,7347,1.4211655,5656.86,260.86,com.sec.android.app.shealth,cc1be896-103e-48b2-95d0-7524a9f17356,1655424000000,
84a8eee4-26ca-40e4-8592-a32cc560fc9f.binning_data.json,2022-06-04 05:13:49.793,2022-06-04 05:13:49.793,com.sec.android.app.shealth,0,7591,1.4642335,5893.95,263.06,com.sec.android.app.shealth,84a8eee4-26ca-40e4-8592-a32cc560fc9f,1654214400000,
6d4fedda-6b73-4d93-b0c3-1d9bd49bd968.binning_data.json,2022-06-13 19:56:02.596,2022-06-13 05:45:32.073,com.sec.android.app.shealth,-2,8455,1.4409363,6547.71,297.93,com.sec.android.app.shealth,6d4fedda-6b73-4d93-b0c3-1d9bd49bd968,1655078400000,
3bae2d98-932c-486c-a3e7-b82383caa87e.binning_data.json,2022-06-11 05:18:21.389,2022-06-11 05:18:21.389,com.sec.android.app.shealth,0,24310,1.4188253,18684.55,869.63,com.sec.android.app.shealth,3bae2d98-932c-486c-a3e7-b82383caa87e,1654819200000,
f7067a9c-cf07-4956-bc90-6e42cbb97a1c.binning_data.json,2022-06-15 05:57:56.710,2022-06-15 05:57:56.710,com.sec.android.app.shealth,0,7229,1.469824,5597.13,247.13,com.sec.android.app.shealth,f7067a9c-cf07-4956-bc90-6e42cbb97a1c,1655164800000,
088840f5-05e3-41aa-8f95-b7a2c547c590.binning_data.json,2022-06-20 19:45:16.040,2022-06-20 05:41:20.178,com.sec.android.app.shealth,-2,6406,1.4076866,4942.03,229.65,com.sec.android.app.shealth,088840f5-05e3-41aa-8f95-b7a2c547c590,1655683200000,
e1a19a7c-6078-44cf-a63f-7ae236aaca68.binning_data.json,2022-06-16 20:18:54.782,2022-06-16 05:41:10.324,com.sec.android.app.shealth,-2,7164,1.4351612,5540.76,254.23999,com.sec.android.app.shealth,e1a19a7c-6078-44cf-a63f-7ae236aaca68,1655337600000,
6e54f496-9b41-480d-9a42-d9d6b0e601db.binning_data.json,2022-06-21 19:35:54.496,2022-06-21 05:50:35.476,com.sec.android.app.shealth,-2,6526,1.4709071,5081.66,228.18,com.sec.android.app.shealth,6e54f496-9b41-480d-9a42-d9d6b0e601db,1655769600000,
d1d7e802-9497-411e-8f0c-d3c007a109a9.binning_data.json,2022-06-14 05:38:54.815,2022-06-14 05:38:54.815,com.sec.android.app.shealth,0,8455,1.4409363,6547.71,297.93,com.sec.android.app.shealth,d1d7e802-9497-411e-8f0c-d3c007a109a9,1655078400000,
45c87e9d-58d1-4440-9025-6e2186de65be.binning_data.json,2022-06-23 20:38:52.747,2022-06-23 06:11:23.346,com.sec.android.app.shealth,-2,4233,1.3788313,3247.33,153.68,com.sec.android.app.shealth,45c87e9d-58d1-4440-9025-6e2186de65be,1655942400000,
f759d2e8-cd9f-412f-9bd4-326ca5d6e0a0.binning_data.json,2022-06-24 19:17:58.210,2022-06-24 06:17:54.691,com.sec.android.app.shealth,-2,5126,1.4580139,3965.7,174.51,com.sec.android.app.shealth,f759d2e8-cd9f-412f-9bd4-326ca5d6e0a0,1656028800000,
84ff9b0f-9f56-4f38-82e5-7bbfbfbddbd4.binning_data.json,2022-06-19 20:15:43.158,2022-06-19 06:45:45.953,com.sec.android.app.shealth,-2,3327,1.4173726,2579.7,120.02,com.sec.android.app.shealth,84ff9b0f-9f56-4f38-82e5-7bbfbfbddbd4,1655596800000,
d21505f5-7536-40d4-b569-591183b49912.binning_data.json,2022-06-18 05:37:02.945,2022-06-18 05:37:02.945,com.sec.android.app.shealth,0,7347,1.4211655,5656.86,260.86,com.sec.android.app.shealth,d21505f5-7536-40d4-b569-591183b49912,1655424000000,
e7671d1f-2366-4498-81e3-e3003dca6c49.binning_data.json,2022-06-17 05:07:05.303,2022-06-17 05:07:05.303,com.sec.android.app.shealth,0,7164,1.4351612,5540.76,254.23999,com.sec.android.app.shealth,e7671d1f-2366-4498-81e3-e3003dca6c49,1655337600000,
626de5d5-47b8-49c5-b561-ed5c814dba3e.binning_data.json,2022-06-07 05:03:31.056,2022-06-07 05:03:31.056,com.sec.android.app.shealth,0,5084,1.4620245,3958.76,180.27,com.sec.android.app.shealth,626de5d5-47b8-49c5-b561-ed5c814dba3e,1654473600000,
86551a44-2a6a-4433-bece-ab4fdfc00f80.binning_data.json,2022-06-26 20:15:01.348,2022-06-26 06:14:51.971,com.sec.android.app.shealth,-2,4965,1.439678,3855.1501,175.62,com.sec.android.app.shealth,86551a44-2a6a-4433-bece-ab4fdfc00f80,1656201600000,
49d83d7d-b550-45eb-9c8e-d4dc9b8858ba.binning_data.json,2022-06-27 19:43:30.144,2022-06-27 05:08:13.405,com.sec.android.app.shealth,-2,4834,1.407348,3724.38,172.48999,com.sec.android.app.shealth,49d83d7d-b550-45eb-9c8e-d4dc9b8858ba,1656288000000,
db6fad15-d06b-422d-86a5-65241635bbe2.binning_data.json,2022-06-22 19:32:10.287,2022-06-22 05:54:34.176,com.sec.android.app.shealth,-2,6178,1.5178608,4843.18,215.98,com.sec.android.app.shealth,db6fad15-d06b-422d-86a5-65241635bbe2,1655856000000,
29265645-8d92-4651-8ba1-794c61467a61.binning_data.json,2022-06-21 05:49:54.198,2022-06-21 05:49:54.198,com.sec.android.app.shealth,0,6406,1.4076866,4942.03,229.65,com.sec.android.app.shealth,29265645-8d92-4651-8ba1-794c61467a61,1655683200000,
9c650868-6e03-4560-83f8-c99f1f63f8f5.binning_data.json,2022-06-20 05:41:16.645,2022-06-20 05:41:16.645,com.sec.android.app.shealth,0,3327,1.4173726,2579.7,120.02,com.sec.android.app.shealth,9c650868-6e03-4560-83f8-c99f1f63f8f5,1655596800000,
11d4d7fc-be1c-4a7b-9f02-bd45847f8e19.binning_data.json,2022-06-30 19:33:00.946,2022-06-30 05:19:37.673,com.sec.android.app.shealth,-2,7577,1.4443028,5885.12,272.38,com.sec.android.app.shealth,11d4d7fc-be1c-4a7b-9f02-bd45847f8e19,1656547200000,
33ac19f4-1858-41ad-8bc6-f76318d8075f.binning_data.json,2022-06-25 20:18:21.834,2022-06-25 05:14:46.288,com.sec.android.app.shealth,-2,8056,1.4776909,6249.44,277.38,com.sec.android.app.shealth,33ac19f4-1858-41ad-8bc6-f76318d8075f,1656115200000,
7195119e-8164-4f46-84ae-9c3b1a8922b2.binning_data.json,2022-06-29 19:25:54.132,2022-06-29 06:10:45.111,com.sec.android.app.shealth,-2,5306,1.4474745,4107.89,186.0,com.sec.android.app.shealth,7195119e-8164-4f46-84ae-9c3b1a8922b2,1656460800000,
9d2411c7-1a60-41a7-b752-c1a620d2e19b.binning_data.json,2022-06-10 04:53:30.527,2022-06-10 04:53:30.527,com.sec.android.app.shealth,0,12735,1.7428893,10603.62,493.41,com.sec.android.app.shealth,9d2411c7-1a60-41a7-b752-c1a620d2e19b,1654732800000,
b2af65ba-2d3f-409a-bc7e-63a4b48a9f9d.binning_data.json,2022-06-24 05:51:20.133,2022-06-24 05:51:20.133,com.sec.android.app.shealth,0,4233,1.3788313,3247.33,153.68,com.sec.android.app.shealth,b2af65ba-2d3f-409a-bc7e-63a4b48a9f9d,1655942400000,
c2047dee-a601-418c-8c96-7a765f04089f.binning_data.json,2022-06-23 06:03:32.302,2022-06-23 06:03:32.302,com.sec.android.app.shealth,0,6178,1.5178608,4843.18,215.98,com.sec.android.app.shealth,c2047dee-a601-418c-8c96-7a765f04089f,1655856000000,
6d68fbc8-512e-401c-ac67-85bacd116ffa.binning_data.json,2022-07-03 20:17:41.707,2022-07-03 07:01:37.647,com.sec.android.app.shealth,-2,4650,1.6261165,3771.47,169.33,com.sec.android.app.shealth,6d68fbc8-512e-401c-ac67-85bacd116ffa,1656806400000,
5e1df7ba-cefd-401f-a0dd-76db255fb0fa.binning_data.json,2022-06-28 19:32:06.568,2022-06-28 05:29:57.673,com.sec.android.app.shealth,-2,5490,1.5160259,4288.29,184.6,com.sec.android.app.shealth,5e1df7ba-cefd-401f-a0dd-76db255fb0fa,1656374400000,
e0dd5386-5164-45ee-915c-8862b6b22bbc.binning_data.json,2022-06-13 05:45:19.937,2022-06-13 05:45:19.937,com.sec.android.app.shealth,0,6784,1.4034522,5227.0703,243.41,com.sec.android.app.shealth,e0dd5386-5164-45ee-915c-8862b6b22bbc,1654992000000,
44d43350-e684-4ba0-a9a9-78240e7f7021.binning_data.json,2022-07-02 19:55:45.312,2022-07-02 04:57:28.596,com.sec.android.app.shealth,-2,7704,1.4451654,5985.14,274.52,com.sec.android.app.shealth,44d43350-e684-4ba0-a9a9-78240e7f7021,1656720000000,
3157998e-f5fc-4d78-842e-a3c12c14329f.binning_data.json,2022-06-26 06:14:05.049,2022-06-26 06:14:05.049,com.sec.android.app.shealth,0,8056,1.4776909,6249.44,277.38,com.sec.android.app.shealth,3157998e-f5fc-4d78-842e-a3c12c14329f,1656115200000,
2dd23161-34fb-40ce-b70d-d5aefe88125e.binning_data.json,2022-07-06 20:07:03.516,2022-07-06 05:07:26.137,com.sec.android.app.shealth,-2,6160,1.4688789,4770.65,214.02,com.sec.android.app.shealth,2dd23161-34fb-40ce-b70d-d5aefe88125e,1657065600000,
63c08d3f-6b0f-47cc-95b6-68c0ef4f2baf.binning_data.json,2022-06-27 05:08:10.955,2022-06-27 05:08:10.955,com.sec.android.app.shealth,0,4965,1.439678,3855.1501,175.62,com.sec.android.app.shealth,63c08d3f-6b0f-47cc-95b6-68c0ef4f2baf,1656201600000,
e0939e3e-2e8a-424c-8392-c467d44b71b0.binning_data.json,2022-07-01 19:38:18.458,2022-07-01 06:02:22.639,com.sec.android.app.shealth,-2,5451,1.4147199,4189.16,192.93,com.sec.android.app.shealth,e0939e3e-2e8a-424c-8392-c467d44b71b0,1656633600000,
c1689245-aeda-4b91-874b-f23dba5de63d.binning_data.json,2022-06-15 22:40:51.065,2022-06-15 22:40:51.065,com.sec.android.app.shealth,0,7425,1.4187123,5708.68,261.63998,com.sec.android.app.shealth,c1689245-aeda-4b91-874b-f23dba5de63d,1655251200000,
0282471d-2646-445d-8afb-72c1a91953e4.binning_data.json,2022-06-29 06:05:21.116,2022-06-29 06:05:21.116,com.sec.android.app.shealth,0,5490,1.5160259,4288.29,184.6,com.sec.android.app.shealth,0282471d-2646-445d-8afb-72c1a91953e4,1656374400000,
64a70629-e3a5-474c-bf0e-c72623695fe1.binning_data.json,2022-06-30 05:18:46.182,2022-06-30 05:18:46.182,com.sec.android.app.shealth,0,5306,1.4474745,4107.89,186.0,com.sec.android.app.shealth,64a70629-e3a5-474c-bf0e-c72623695fe1,1656460800000,
c00400c8-48ff-4c21-b899-0f5a3307e816.binning_data.json,2022-07-05 19:56:03.283,2022-07-05 05:55:15.039,com.sec.android.app.shealth,-2,6524,1.4661582,5073.2,228.53,com.sec.android.app.shealth,c00400c8-48ff-4c21-b899-0f5a3307e816,1656979200000,
38fb94c9-b454-4e5c-9773-b8d8c1d56ba4.binning_data.json,2022-07-02 22:07:51.626,2022-07-02 22:07:51.626,com.sec.android.app.shealth,0,7704,1.4451654,5985.14,274.52,com.sec.android.app.shealth,38fb94c9-b454-4e5c-9773-b8d8c1d56ba4,1656720000000,
097ee7ae-d642-4d7b-a0a5-094af83a2e5f.binning_data.json,2022-07-02 04:57:22.975,2022-07-02 04:57:22.975,com.sec.android.app.shealth,0,5451,1.4147199,4189.16,192.93,com.sec.android.app.shealth,097ee7ae-d642-4d7b-a0a5-094af83a2e5f,1656633600000,
cf6bbcec-235d-4c4f-902b-49c5b97bc303.binning_data.json,2022-07-04 19:16:22.337,2022-07-04 05:28:37.835,com.sec.android.app.shealth,-2,5421,1.4564611,4214.38,194.19,com.sec.android.app.shealth,cf6bbcec-235d-4c4f-902b-49c5b97bc303,1656892800000,
60bd6c31-044c-4a1d-925a-e4ac5c100948.binning_data.json,2022-07-08 19:29:21.634,2022-07-08 05:45:42.628,com.sec.android.app.shealth,-2,6407,1.3950882,4931.47,232.87,com.sec.android.app.shealth,60bd6c31-044c-4a1d-925a-e4ac5c100948,1657238400000,
3859e9e0-cb95-4f02-b45a-22f4001a60d9.binning_data.json,2022-07-06 05:07:25.665,2022-07-06 05:07:25.665,com.sec.android.app.shealth,0,6524,1.4661582,5073.2,228.53,com.sec.android.app.shealth,3859e9e0-cb95-4f02-b45a-22f4001a60d9,1656979200000,
749cc8d1-ce12-4d7b-8332-02e6e2042ca3.binning_data.json,2022-07-05 05:47:00.978,2022-07-05 05:47:00.978,com.sec.android.app.shealth,0,5421,1.4564611,4214.38,194.19,com.sec.android.app.shealth,749cc8d1-ce12-4d7b-8332-02e6e2042ca3,1656892800000,
c3b7e3ac-83d4-434b-9d4e-2d2757813098.binning_data.json,2022-06-19 06:43:52.862,2022-06-19 06:43:52.862,com.sec.android.app.shealth,0,8632,1.4173726,6657.28,312.3,com.sec.android.app.shealth,c3b7e3ac-83d4-434b-9d4e-2d2757813098,1655510400000,
7104a878-dbd6-44ae-a877-7c7316fa78c0.binning_data.json,2022-07-07 20:09:46.385,2022-07-07 06:02:50.638,com.sec.android.app.shealth,-2,5178,1.4605798,4013.76,179.94,com.sec.android.app.shealth,7104a878-dbd6-44ae-a877-7c7316fa78c0,1657152000000,
6c2bef76-71dc-4b06-8c9b-0b473b9b2340.binning_data.json,2022-07-08 05:29:20.937,2022-07-08 05:29:20.937,com.sec.android.app.shealth,0,5178,1.4605798,4013.76,179.94,com.sec.android.app.shealth,6c2bef76-71dc-4b06-8c9b-0b473b9b2340,1657152000000,
496dcd0c-952a-49c0-b7eb-2867712403df.binning_data.json,2022-06-21 22:19:07.840,2022-06-21 22:19:07.840,com.sec.android.app.shealth,0,6526,1.4709071,5081.66,228.18,com.sec.android.app.shealth,496dcd0c-952a-49c0-b7eb-2867712403df,1655769600000,
7482af10-ea62-4701-8b81-e312049e6319.binning_data.json,2022-07-09 06:09:32.696,2022-07-09 06:09:32.696,com.sec.android.app.shealth,0,6407,1.3950882,4931.47,232.87,com.sec.android.app.shealth,7482af10-ea62-4701-8b81-e312049e6319,1657238400000,
90f0fa2b-ea2f-4d36-854c-1b97e724166a.binning_data.json,2022-06-25 05:12:18.910,2022-06-25 05:12:18.910,com.sec.android.app.shealth,0,5126,1.4580139,3965.7,174.51,com.sec.android.app.shealth,90f0fa2b-ea2f-4d36-854c-1b97e724166a,1656028800000,
8eb6b9a7-166a-47ff-aaba-5d0923c308bd.binning_data.json,2022-06-27 22:28:00.420,2022-06-27 22:28:00.420,com.sec.android.app.shealth,0,4834,1.407348,3724.38,172.48999,com.sec.android.app.shealth,8eb6b9a7-166a-47ff-aaba-5d0923c308bd,1656288000000,
854699fb-74d0-48dd-9c86-1ab06bd8d7cf.binning_data.json,2022-07-01 06:01:07.531,2022-07-01 06:01:07.531,com.sec.android.app.shealth,0,7577,1.4443028,5885.12,272.38,com.sec.android.app.shealth,854699fb-74d0-48dd-9c86-1ab06bd8d7cf,1656547200000,
5cf32003-b0d4-4396-a44b-27356cb315f8.binning_data.json,2022-07-04 05:23:40.902,2022-07-04 05:23:40.902,com.sec.android.app.shealth,0,4650,1.6261165,3771.47,169.33,com.sec.android.app.shealth,5cf32003-b0d4-4396-a44b-27356cb315f8,1656806400000,
52b6490e-6e75-408c-b76b-ca3e4bc235a7.binning_data.json,2022-07-07 05:23:18.382,2022-07-07 05:23:18.382,com.sec.android.app.shealth,0,6160,1.4688789,4770.65,214.02,com.sec.android.app.shealth,52b6490e-6e75-408c-b76b-ca3e4bc235a7,1657065600000,
